id_item,id_pedido,id_produto,quantidade,valor_unitario
1,1,88,2,670.67
2,1,36,2,1938.42
3,1,47,4,1318.74
4,1,92,3,825.86
5,2,3,5,1254.77
6,2,5,1,487.33
7,2,89,2,1749.64
8,3,71,4,686.35
9,3,40,3,829.17
10,3,88,1,670.67
11,4,57,4,628.39
12,4,2,4,1895.7
13,5,39,1,1716.89
14,5,97,2,766.22
15,5,39,2,1716.89
16,6,57,3,628.39
17,6,99,4,1746.04
18,7,36,1,1938.42
19,8,61,4,1298.94
20,8,43,4,83.03
21,8,13,2,1325.75
22,8,90,3,208.43
23,9,46,4,1731.17
24,10,59,1,457.15
25,10,98,1,1257.33
26,10,83,2,96.86
27,11,83,2,96.86
28,11,1,4,129.86
29,11,26,3,1471.72
30,11,41,5,583.55
31,12,15,2,457.37
32,13,67,2,773.34
33,13,77,4,1081.78
34,14,58,4,1108.98
35,14,95,2,1303.17
36,14,34,2,1993.92
37,15,37,2,702.44
38,15,11,4,151.65
39,15,48,2,929.33
40,16,49,5,383.29
41,16,29,1,1178.37
42,16,3,5,1254.77
43,16,83,5,96.86
44,17,12,4,1848.58
45,17,26,3,1471.72
46,18,7,4,822.95
47,18,80,4,1740.51
48,19,20,1,1843.17
49,19,48,2,929.33
50,19,73,1,572.85
51,20,92,5,825.86
52,21,99,4,1746.04
53,21,87,4,261.23
54,21,16,2,1817.74
55,21,92,2,825.86
56,22,35,3,1273.22
57,22,96,4,1706.16
58,23,17,4,152.11
59,23,27,5,508.23
60,23,28,3,465.56
61,23,94,2,683.74
62,24,24,4,881.14
63,24,19,1,1500.43
64,24,38,3,648.91
65,24,31,5,1156.73
66,25,32,3,946.3
67,25,75,4,1997.82
68,25,11,1,151.65
69,25,61,2,1298.94
70,26,89,4,1749.64
71,26,88,2,670.67
72,26,92,4,825.86
73,27,95,5,1303.17
74,27,33,1,1832.98
75,27,13,5,1325.75
76,27,8,1,945.13
77,28,31,4,1156.73
78,28,46,5,1731.17
79,28,86,5,995.7
80,29,1,3,129.86
81,30,39,4,1716.89
82,30,86,3,995.7
83,30,17,5,152.11
84,30,6,5,159.38
85,31,34,2,1993.92
86,31,65,4,1960.69
87,32,60,2,928.28
88,32,12,3,1848.58
89,32,91,5,40.54
90,33,19,3,1500.43
91,33,15,3,457.37
92,33,6,2,159.38
93,33,64,3,836.83
94,34,56,3,1600.63
95,34,34,5,1993.92
96,34,98,3,1257.33
97,35,56,2,1600.63
98,35,41,4,583.55
99,35,98,2,1257.33
100,36,7,2,822.95
101,36,20,1,1843.17
102,36,30,2,1999.15
103,36,5,4,487.33
104,37,21,4,257.46
105,37,56,1,1600.63
106,37,64,1,836.83
107,38,46,5,1731.17
108,38,63,4,1022.66
109,38,64,1,836.83
110,38,93,2,158.91
111,39,45,1,240.68
112,40,37,2,702.44
113,40,22,5,1402.47
114,41,73,5,572.85
115,41,28,5,465.56
116,41,1,5,129.86
117,42,54,1,881.85
118,42,32,4,946.3
119,43,43,1,83.03
120,44,88,1,670.67
121,44,51,3,1254.56
122,44,76,1,1731.87
123,45,20,1,1843.17
124,45,11,4,151.65
125,45,91,4,40.54
126,46,81,3,1147.88
127,46,77,1,1081.78
128,46,43,1,83.03
129,46,84,5,1413.4
130,47,42,5,1629.0
131,47,17,2,152.11
132,47,7,3,822.95
133,47,42,1,1629.0
134,48,71,5,686.35
135,49,12,4,1848.58
136,49,33,2,1832.98
137,49,31,4,1156.73
138,49,12,1,1848.58
139,50,21,4,257.46
140,50,100,4,1238.74
141,51,83,2,96.86
142,51,16,3,1817.74
143,51,63,4,1022.66
144,52,88,5,670.67
145,52,17,3,152.11
146,52,86,1,995.7
147,53,66,2,919.01
148,53,63,4,1022.66
149,53,50,4,1249.04
150,54,73,5,572.85
151,54,55,1,251.64
152,54,97,4,766.22
153,55,79,2,760.65
154,55,56,4,1600.63
155,55,12,1,1848.58
156,56,60,2,928.28
157,56,83,2,96.86
158,56,64,5,836.83
159,57,38,4,648.91
160,58,11,4,151.65
161,58,39,2,1716.89
162,58,17,3,152.11
163,58,32,5,946.3
164,59,38,5,648.91
165,59,7,5,822.95
166,59,10,1,1408.95
167,59,66,1,919.01
168,60,53,1,270.72
169,60,60,5,928.28
170,60,33,3,1832.98
171,60,33,5,1832.98
172,61,99,5,1746.04
173,62,15,4,457.37
174,63,24,4,881.14
175,63,6,1,159.38
176,64,91,3,40.54
177,64,41,5,583.55
178,64,93,4,158.91
179,64,97,4,766.22
180,65,44,2,635.89
181,65,28,2,465.56
182,65,11,5,151.65
183,66,87,1,261.23
184,66,56,5,1600.63
185,66,3,1,1254.77
186,67,15,1,457.37
187,67,22,4,1402.47
188,67,59,4,457.15
189,67,85,5,778.3
190,68,39,5,1716.89
191,68,79,3,760.65
192,68,89,4,1749.64
193,68,39,1,1716.89
194,69,18,1,1587.33
195,69,25,1,89.32
196,70,90,2,208.43
197,71,27,4,508.23
198,72,84,2,1413.4
199,72,56,5,1600.63
200,73,12,3,1848.58
201,73,99,4,1746.04
202,74,61,4,1298.94
203,74,3,1,1254.77
204,75,20,4,1843.17
205,75,63,4,1022.66
206,76,58,5,1108.98
207,77,26,3,1471.72
208,77,73,4,572.85
209,78,43,1,83.03
210,79,81,4,1147.88
211,80,64,5,836.83
212,80,77,5,1081.78
213,80,38,1,648.91
214,80,63,4,1022.66
215,81,66,5,919.01
216,81,93,5,158.91
217,81,87,4,261.23
218,81,30,1,1999.15
219,82,55,5,251.64
220,83,71,1,686.35
221,83,35,4,1273.22
222,83,61,1,1298.94
223,84,80,3,1740.51
224,84,58,4,1108.98
225,84,3,2,1254.77
226,84,37,2,702.44
227,85,45,4,240.68
228,85,30,5,1999.15
229,85,29,5,1178.37
230,85,88,3,670.67
231,86,17,3,152.11
232,86,93,4,158.91
233,86,54,3,881.85
234,86,61,2,1298.94
235,87,37,1,702.44
236,87,86,4,995.7
237,88,23,2,1005.94
238,88,21,5,257.46
239,89,13,4,1325.75
240,89,64,3,836.83
241,89,31,2,1156.73
242,89,72,1,541.67
243,90,46,3,1731.17
244,91,87,2,261.23
245,91,23,5,1005.94
246,91,5,1,487.33
247,92,56,1,1600.63
248,92,80,2,1740.51
249,92,16,5,1817.74
250,93,63,3,1022.66
251,93,44,3,635.89
252,94,99,5,1746.04
253,95,20,5,1843.17
254,95,78,1,671.56
255,95,91,1,40.54
256,96,59,1,457.15
257,96,14,5,856.03
258,96,79,1,760.65
259,96,72,1,541.67
260,97,22,1,1402.47
261,98,47,2,1318.74
262,98,94,3,683.74
263,99,98,5,1257.33
264,99,64,1,836.83
265,99,20,3,1843.17
266,99,43,2,83.03
267,100,26,4,1471.72
268,101,99,1,1746.04
269,101,32,4,946.3
270,101,44,3,635.89
271,101,65,2,1960.69
272,102,35,3,1273.22
273,103,47,2,1318.74
274,103,20,5,1843.17
275,103,54,2,881.85
276,103,18,4,1587.33
277,104,53,4,270.72
278,104,67,3,773.34
279,104,4,4,1324.25
280,104,19,1,1500.43
281,105,11,3,151.65
282,106,52,2,415.08
283,106,56,1,1600.63
284,106,51,1,1254.56
285,107,74,1,1676.58
286,107,81,5,1147.88
287,108,54,4,881.85
288,108,88,5,670.67
289,108,39,3,1716.89
290,109,2,3,1895.7
291,109,68,5,1021.4
292,109,19,4,1500.43
293,110,83,2,96.86
294,110,70,5,1547.62
295,110,80,4,1740.51
296,110,90,3,208.43
297,111,100,2,1238.74
298,111,39,1,1716.89
299,111,5,5,487.33
300,111,43,4,83.03
301,112,67,5,773.34
302,112,37,2,702.44
303,113,66,5,919.01
304,114,67,3,773.34
305,114,97,2,766.22
306,114,3,1,1254.77
307,115,31,3,1156.73
308,115,93,4,158.91
309,115,65,1,1960.69
310,116,48,3,929.33
311,117,16,1,1817.74
312,117,97,1,766.22
313,117,58,3,1108.98
314,118,59,3,457.15
315,119,96,5,1706.16
316,119,73,5,572.85
317,120,45,3,240.68
318,120,37,5,702.44
319,121,92,4,825.86
320,121,67,2,773.34
321,122,42,5,1629.0
322,123,100,3,1238.74
323,123,59,1,457.15
324,124,92,4,825.86
325,124,53,1,270.72
326,125,8,4,945.13
327,126,61,2,1298.94
328,126,58,1,1108.98
329,127,87,5,261.23
330,127,52,5,415.08
331,127,72,5,541.67
332,128,34,5,1993.92
333,128,64,4,836.83
334,128,57,4,628.39
335,128,94,4,683.74
336,129,19,5,1500.43
337,129,17,4,152.11
338,130,17,5,152.11
339,130,68,1,1021.4
340,130,89,2,1749.64
341,130,59,4,457.15
342,131,96,2,1706.16
343,132,16,5,1817.74
344,132,53,1,270.72
345,132,16,3,1817.74
346,133,6,5,159.38
347,133,20,1,1843.17
348,133,48,3,929.33
349,134,39,3,1716.89
350,134,63,1,1022.66
351,134,19,2,1500.43
352,135,7,3,822.95
353,135,37,2,702.44
354,135,24,4,881.14
355,135,1,1,129.86
356,136,9,1,470.64
357,136,54,4,881.85
358,136,74,3,1676.58
359,137,44,4,635.89
360,137,61,5,1298.94
361,137,17,2,152.11
362,137,65,4,1960.69
363,138,86,4,995.7
364,138,20,3,1843.17
365,138,12,5,1848.58
366,138,86,5,995.7
367,139,50,2,1249.04
368,139,51,3,1254.56
369,139,70,1,1547.62
370,139,86,4,995.7
371,140,83,1,96.86
372,140,22,1,1402.47
373,140,74,3,1676.58
374,141,83,5,96.86
375,142,25,5,89.32
376,143,73,5,572.85
377,144,97,4,766.22
378,144,65,1,1960.69
379,145,85,5,778.3
380,146,3,3,1254.77
381,146,27,2,508.23
382,147,11,5,151.65
383,147,78,3,671.56
384,147,52,5,415.08
385,147,6,4,159.38
386,148,44,4,635.89
387,149,54,1,881.85
388,149,68,3,1021.4
389,150,33,1,1832.98
390,150,15,1,457.37
391,150,70,2,1547.62
392,150,37,2,702.44
393,151,33,1,1832.98
394,151,20,3,1843.17
395,152,87,2,261.23
396,152,8,5,945.13
397,152,42,2,1629.0
398,152,4,1,1324.25
399,153,50,1,1249.04
400,153,41,2,583.55
401,153,53,3,270.72
402,154,49,1,383.29
403,154,7,2,822.95
404,154,31,5,1156.73
405,155,64,5,836.83
406,155,97,5,766.22
407,156,15,3,457.37
408,156,8,3,945.13
409,156,60,5,928.28
410,156,53,1,270.72
411,157,4,4,1324.25
412,157,82,2,1713.47
413,157,3,3,1254.77
414,157,71,5,686.35
415,158,32,5,946.3
416,159,39,5,1716.89
417,159,53,4,270.72
418,160,82,5,1713.47
419,161,19,3,1500.43
420,161,70,2,1547.62
421,162,69,4,1729.41
422,162,72,4,541.67
423,163,1,4,129.86
424,164,84,2,1413.4
425,164,1,1,129.86
426,164,62,3,1001.77
427,165,88,4,670.67
428,165,45,2,240.68
429,165,75,5,1997.82
430,166,6,2,159.38
431,166,95,5,1303.17
432,166,73,1,572.85
433,167,12,4,1848.58
434,167,90,1,208.43
435,167,18,5,1587.33
436,168,56,2,1600.63
437,168,79,5,760.65
438,168,41,3,583.55
439,169,97,4,766.22
440,169,35,2,1273.22
441,169,85,3,778.3
442,170,27,4,508.23
443,170,77,3,1081.78
444,170,3,2,1254.77
445,171,78,4,671.56
446,172,2,2,1895.7
447,173,72,4,541.67
448,173,98,4,1257.33
449,173,69,1,1729.41
450,173,84,1,1413.4
451,174,86,4,995.7
452,175,46,4,1731.17
453,176,50,2,1249.04
454,176,99,1,1746.04
455,176,16,4,1817.74
456,177,25,4,89.32
457,177,2,2,1895.7
458,177,96,1,1706.16
459,178,88,3,670.67
460,178,25,1,89.32
461,178,79,3,760.65
462,179,30,4,1999.15
463,179,47,1,1318.74
464,180,64,5,836.83
465,180,27,1,508.23
466,180,26,4,1471.72
467,181,36,5,1938.42
468,182,22,5,1402.47
469,182,25,5,89.32
470,182,87,5,261.23
471,182,73,2,572.85
472,183,76,2,1731.87
473,184,17,3,152.11
474,185,67,3,773.34
475,185,25,1,89.32
476,186,88,5,670.67
477,186,59,1,457.15
478,186,55,1,251.64
479,187,56,4,1600.63
480,187,36,1,1938.42
481,187,88,5,670.67
482,188,64,3,836.83
483,188,67,1,773.34
484,188,93,2,158.91
485,188,7,3,822.95
486,189,69,4,1729.41
487,189,41,1,583.55
488,189,51,2,1254.56
489,189,43,1,83.03
490,190,95,2,1303.17
491,191,10,2,1408.95
492,191,26,2,1471.72
493,191,43,3,83.03
494,191,9,1,470.64
495,192,62,4,1001.77
496,193,76,3,1731.87
497,194,32,1,946.3
498,194,61,2,1298.94
499,194,44,1,635.89
500,195,67,2,773.34
501,195,10,5,1408.95
502,195,80,4,1740.51
503,196,81,4,1147.88
504,197,11,1,151.65
505,198,49,3,383.29
506,199,17,1,152.11
507,200,8,3,945.13
508,200,79,4,760.65
509,200,9,1,470.64
510,200,87,1,261.23
511,201,38,4,648.91
512,202,13,5,1325.75
513,202,97,4,766.22
514,202,30,5,1999.15
515,202,85,5,778.3
516,203,59,4,457.15
517,204,55,5,251.64
518,204,80,1,1740.51
519,204,44,1,635.89
520,204,59,5,457.15
521,205,76,2,1731.87
522,205,14,1,856.03
523,205,2,5,1895.7
524,206,76,2,1731.87
525,207,82,5,1713.47
526,207,33,3,1832.98
527,208,62,5,1001.77
528,208,57,2,628.39
529,208,32,2,946.3
530,208,6,1,159.38
531,209,40,5,829.17
532,209,56,5,1600.63
533,210,40,5,829.17
534,210,70,2,1547.62
535,210,19,4,1500.43
536,211,78,3,671.56
537,211,38,3,648.91
538,211,2,5,1895.7
539,212,8,2,945.13
540,212,65,5,1960.69
541,213,55,3,251.64
542,214,26,2,1471.72
543,214,9,3,470.64
544,215,86,4,995.7
545,215,89,4,1749.64
546,216,75,5,1997.82
547,216,43,5,83.03
548,216,39,4,1716.89
549,217,21,1,257.46
550,217,59,1,457.15
551,217,64,2,836.83
552,218,82,2,1713.47
553,219,60,5,928.28
554,219,28,2,465.56
555,220,95,3,1303.17
556,220,95,4,1303.17
557,220,27,4,508.23
558,220,24,1,881.14
559,221,2,1,1895.7
560,221,46,1,1731.17
561,221,72,1,541.67
562,222,38,4,648.91
563,222,25,5,89.32
564,223,6,1,159.38
565,223,26,2,1471.72
566,223,37,2,702.44
567,224,34,2,1993.92
568,224,44,5,635.89
569,225,23,2,1005.94
570,225,3,2,1254.77
571,226,13,1,1325.75
572,226,87,2,261.23
573,226,49,1,383.29
574,227,27,3,508.23
575,227,59,2,457.15
576,227,48,3,929.33
577,228,68,5,1021.4
578,228,56,1,1600.63
579,229,19,2,1500.43
580,230,25,5,89.32
581,230,49,3,383.29
582,231,77,4,1081.78
583,231,82,2,1713.47
584,231,6,5,159.38
585,232,69,3,1729.41
586,232,20,3,1843.17
587,233,7,3,822.95
588,233,17,5,152.11
589,234,27,1,508.23
590,234,61,5,1298.94
591,234,9,2,470.64
592,234,66,4,919.01
593,235,64,5,836.83
594,235,60,2,928.28
595,235,42,3,1629.0
596,236,92,4,825.86
597,236,61,3,1298.94
598,236,75,4,1997.82
599,236,82,5,1713.47
600,237,27,2,508.23
601,238,58,2,1108.98
602,238,51,2,1254.56
603,239,55,4,251.64
604,239,74,2,1676.58
605,239,48,3,929.33
606,240,18,1,1587.33
607,241,57,5,628.39
608,241,46,2,1731.17
609,241,75,1,1997.82
610,242,66,5,919.01
611,242,44,4,635.89
612,242,58,4,1108.98
613,242,56,4,1600.63
614,243,64,3,836.83
615,243,35,4,1273.22
616,243,4,2,1324.25
617,244,30,3,1999.15
618,244,83,1,96.86
619,244,46,1,1731.17
620,244,38,5,648.91
621,245,36,2,1938.42
622,246,16,1,1817.74
623,247,5,5,487.33
624,247,26,3,1471.72
625,247,26,3,1471.72
626,248,39,3,1716.89
627,248,25,5,89.32
628,248,18,5,1587.33
629,249,2,3,1895.7
630,249,37,3,702.44
631,249,52,4,415.08
632,250,61,5,1298.94
633,251,51,2,1254.56
634,251,30,2,1999.15
635,252,30,5,1999.15
636,252,76,5,1731.87
637,252,97,4,766.22
638,252,93,4,158.91
639,253,11,3,151.65
640,253,25,4,89.32
641,253,99,4,1746.04
642,254,57,4,628.39
643,254,72,1,541.67
644,255,18,5,1587.33
645,255,17,3,152.11
646,255,95,1,1303.17
647,256,85,3,778.3
648,256,44,2,635.89
649,256,54,4,881.85
650,256,88,4,670.67
651,257,42,5,1629.0
652,257,3,5,1254.77
653,257,5,2,487.33
654,258,43,5,83.03
655,258,81,5,1147.88
656,259,49,2,383.29
657,259,51,1,1254.56
658,259,69,4,1729.41
659,259,25,4,89.32
660,260,43,5,83.03
661,261,82,3,1713.47
662,261,12,2,1848.58
663,261,14,5,856.03
664,261,23,1,1005.94
665,262,4,2,1324.25
666,262,26,1,1471.72
667,262,50,3,1249.04
668,262,27,2,508.23
669,263,85,5,778.3
670,263,9,4,470.64
671,263,8,3,945.13
672,264,22,3,1402.47
673,265,51,2,1254.56
674,265,15,2,457.37
675,265,69,4,1729.41
676,265,62,1,1001.77
677,266,27,2,508.23
678,266,27,3,508.23
679,266,56,4,1600.63
680,266,21,5,257.46
681,267,76,2,1731.87
682,267,65,4,1960.69
683,267,36,2,1938.42
684,268,19,4,1500.43
685,269,52,5,415.08
686,270,68,3,1021.4
687,270,73,4,572.85
688,271,60,5,928.28
689,271,6,1,159.38
690,271,37,4,702.44
691,271,45,3,240.68
692,272,79,2,760.65
693,272,54,2,881.85
694,272,23,5,1005.94
695,272,94,4,683.74
696,273,50,2,1249.04
697,273,90,5,208.43
698,273,13,4,1325.75
699,273,90,1,208.43
700,274,21,3,257.46
701,274,81,5,1147.88
702,275,86,1,995.7
703,275,90,2,208.43
704,275,64,4,836.83
705,276,48,1,929.33
706,277,65,3,1960.69
707,278,58,2,1108.98
708,278,33,2,1832.98
709,278,65,1,1960.69
710,278,60,1,928.28
711,279,82,4,1713.47
712,280,44,4,635.89
713,280,25,4,89.32
714,280,5,1,487.33
715,280,33,1,1832.98
716,281,42,4,1629.0
717,281,63,4,1022.66
718,282,11,5,151.65
719,283,92,4,825.86
720,283,18,4,1587.33
721,284,21,2,257.46
722,284,3,5,1254.77
723,284,13,2,1325.75
724,285,16,5,1817.74
725,285,95,4,1303.17
726,285,22,1,1402.47
727,286,87,3,261.23
728,287,57,3,628.39
729,287,23,2,1005.94
730,288,87,5,261.23
731,289,57,1,628.39
732,289,82,5,1713.47
733,290,50,3,1249.04
734,291,7,5,822.95
735,291,1,1,129.86
736,291,99,4,1746.04
737,291,99,2,1746.04
738,292,48,2,929.33
739,292,26,1,1471.72
740,293,54,1,881.85
741,294,44,2,635.89
742,295,29,1,1178.37
743,296,93,2,158.91
744,296,6,4,159.38
745,297,42,3,1629.0
746,298,80,2,1740.51
747,298,70,4,1547.62
748,299,16,2,1817.74
749,299,28,1,465.56
750,299,46,3,1731.17
751,299,23,1,1005.94
752,300,84,3,1413.4
753,300,2,4,1895.7
754,300,28,4,465.56
755,300,29,1,1178.37
756,301,84,5,1413.4
757,301,48,1,929.33
758,301,9,2,470.64
759,302,39,5,1716.89
760,302,64,1,836.83
761,302,92,5,825.86
762,302,73,2,572.85
763,303,13,5,1325.75
764,303,42,4,1629.0
765,303,87,2,261.23
766,304,23,3,1005.94
767,304,86,4,995.7
768,304,9,3,470.64
769,305,78,5,671.56
770,306,49,5,383.29
771,306,82,2,1713.47
772,306,65,5,1960.69
773,306,91,1,40.54
774,307,3,5,1254.77
775,307,98,1,1257.33
776,308,31,4,1156.73
777,308,97,2,766.22
778,308,80,1,1740.51
779,309,18,3,1587.33
780,310,38,2,648.91
781,310,20,4,1843.17
782,310,27,1,508.23
783,310,31,5,1156.73
784,311,95,3,1303.17
785,311,18,3,1587.33
786,311,41,1,583.55
787,311,67,4,773.34
788,312,97,1,766.22
789,312,30,3,1999.15
790,312,44,2,635.89
791,313,70,1,1547.62
792,313,86,2,995.7
793,314,78,4,671.56
794,314,67,3,773.34
795,315,57,1,628.39
796,315,9,4,470.64
797,316,25,1,89.32
798,317,27,2,508.23
799,317,12,2,1848.58
800,318,31,5,1156.73
801,318,11,4,151.65
802,319,40,2,829.17
803,319,93,2,158.91
804,319,32,4,946.3
805,319,23,5,1005.94
806,320,39,3,1716.89
807,320,74,4,1676.58
808,321,35,4,1273.22
809,321,11,3,151.65
810,322,49,2,383.29
811,322,61,4,1298.94
812,322,55,5,251.64
813,322,79,4,760.65
814,323,62,1,1001.77
815,323,98,4,1257.33
816,324,11,3,151.65
817,324,77,5,1081.78
818,324,20,5,1843.17
819,324,94,2,683.74
820,325,49,4,383.29
821,325,40,4,829.17
822,325,37,4,702.44
823,326,10,3,1408.95
824,326,18,4,1587.33
825,326,26,2,1471.72
826,326,25,1,89.32
827,327,65,3,1960.69
828,328,52,4,415.08
829,328,51,3,1254.56
830,328,50,4,1249.04
831,328,40,5,829.17
832,329,53,1,270.72
833,330,50,5,1249.04
834,331,25,4,89.32
835,331,33,3,1832.98
836,332,82,3,1713.47
837,332,90,1,208.43
838,332,84,4,1413.4
839,332,55,2,251.64
840,333,62,1,1001.77
841,333,47,1,1318.74
842,334,34,5,1993.92
843,334,59,2,457.15
844,335,32,5,946.3
845,335,75,2,1997.82
846,335,2,1,1895.7
847,336,83,4,96.86
848,337,91,5,40.54
849,337,11,5,151.65
850,337,25,4,89.32
851,337,22,4,1402.47
852,338,89,3,1749.64
853,338,65,5,1960.69
854,338,85,4,778.3
855,339,94,4,683.74
856,339,97,1,766.22
857,339,14,5,856.03
858,340,19,3,1500.43
859,340,96,2,1706.16
860,340,96,4,1706.16
861,341,1,2,129.86
862,341,63,1,1022.66
863,341,13,1,1325.75
864,342,68,4,1021.4
865,342,84,3,1413.4
866,342,94,4,683.74
867,342,22,2,1402.47
868,343,24,2,881.14
869,343,26,4,1471.72
870,343,24,5,881.14
871,344,58,5,1108.98
872,345,24,2,881.14
873,345,8,2,945.13
874,346,34,4,1993.92
875,346,57,5,628.39
876,347,82,2,1713.47
877,348,38,1,648.91
878,349,16,3,1817.74
879,349,9,3,470.64
880,349,4,5,1324.25
881,349,31,4,1156.73
882,350,87,1,261.23
883,350,2,1,1895.7
884,350,35,1,1273.22
885,350,86,5,995.7
886,351,13,2,1325.75
887,352,49,5,383.29
888,353,63,4,1022.66
889,353,97,3,766.22
890,353,78,4,671.56
891,354,48,3,929.33
892,354,41,2,583.55
893,354,47,4,1318.74
894,355,79,1,760.65
895,355,46,3,1731.17
896,355,13,1,1325.75
897,355,59,4,457.15
898,356,4,5,1324.25
899,356,16,5,1817.74
900,357,90,2,208.43
901,357,48,4,929.33
902,357,80,4,1740.51
903,358,85,2,778.3
904,358,1,3,129.86
905,358,3,3,1254.77
906,358,6,3,159.38
907,359,30,5,1999.15
908,359,63,4,1022.66
909,359,95,5,1303.17
910,359,11,3,151.65
911,360,61,1,1298.94
912,360,94,4,683.74
913,360,38,5,648.91
914,360,25,2,89.32
915,361,17,4,152.11
916,362,39,5,1716.89
917,363,22,4,1402.47
918,363,15,4,457.37
919,363,85,5,778.3
920,363,31,2,1156.73
921,364,22,1,1402.47
922,364,14,4,856.03
923,365,21,3,257.46
924,366,99,3,1746.04
925,366,29,3,1178.37
926,366,86,4,995.7
927,366,86,1,995.7
928,367,69,4,1729.41
929,367,12,3,1848.58
930,368,74,5,1676.58
931,368,9,3,470.64
932,369,92,4,825.86
933,369,84,5,1413.4
934,369,56,2,1600.63
935,369,29,3,1178.37
936,370,38,1,648.91
937,371,12,3,1848.58
938,372,96,1,1706.16
939,372,74,3,1676.58
940,373,41,4,583.55
941,373,74,1,1676.58
942,374,8,5,945.13
943,374,69,2,1729.41
944,374,50,4,1249.04
945,375,99,3,1746.04
946,375,87,2,261.23
947,375,67,5,773.34
948,376,14,4,856.03
949,376,2,5,1895.7
950,377,41,2,583.55
951,377,38,2,648.91
952,377,64,4,836.83
953,377,19,5,1500.43
954,378,19,1,1500.43
955,378,77,3,1081.78
956,378,40,5,829.17
957,379,36,5,1938.42
958,380,81,2,1147.88
959,380,64,3,836.83
960,380,91,4,40.54
961,380,8,3,945.13
962,381,92,2,825.86
963,381,94,2,683.74
964,382,100,2,1238.74
965,383,94,4,683.74
966,383,39,2,1716.89
967,383,3,5,1254.77
968,383,51,3,1254.56
969,384,87,4,261.23
970,384,45,4,240.68
971,384,51,1,1254.56
972,384,68,3,1021.4
973,385,90,2,208.43
974,385,90,5,208.43
975,385,51,1,1254.56
976,386,42,5,1629.0
977,386,7,3,822.95
978,387,84,2,1413.4
979,387,74,2,1676.58
980,387,57,4,628.39
981,387,38,2,648.91
982,388,28,2,465.56
983,388,95,1,1303.17
984,389,93,5,158.91
985,389,14,2,856.03
986,389,49,4,383.29
987,390,8,1,945.13
988,390,46,4,1731.17
989,391,7,1,822.95
990,391,66,3,919.01
991,392,20,4,1843.17
992,392,32,1,946.3
993,392,16,2,1817.74
994,392,51,4,1254.56
995,393,89,5,1749.64
996,393,23,4,1005.94
997,393,100,1,1238.74
998,394,84,4,1413.4
999,394,36,4,1938.42
1000,394,48,1,929.33
1001,394,16,1,1817.74
1002,395,16,4,1817.74
1003,396,3,5,1254.77
1004,396,74,5,1676.58
1005,397,36,1,1938.42
1006,397,76,2,1731.87
1007,397,50,4,1249.04
1008,397,83,4,96.86
1009,398,74,2,1676.58
1010,398,13,3,1325.75
1011,398,9,5,470.64
1012,399,52,1,415.08
1013,399,51,5,1254.56
1014,400,9,5,470.64
1015,400,75,5,1997.82
1016,400,92,1,825.86
1017,400,97,2,766.22
1018,401,24,5,881.14
1019,402,1,5,129.86
1020,402,58,3,1108.98
1021,403,6,2,159.38
1022,404,84,2,1413.4
1023,404,12,5,1848.58
1024,405,97,1,766.22
1025,405,11,1,151.65
1026,405,65,3,1960.69
1027,406,70,2,1547.62
1028,406,55,1,251.64
1029,406,32,3,946.3
1030,407,67,3,773.34
1031,408,18,5,1587.33
1032,408,63,3,1022.66
1033,408,67,3,773.34
1034,408,78,5,671.56
1035,409,89,1,1749.64
1036,409,85,1,778.3
1037,410,5,2,487.33
1038,410,19,3,1500.43
1039,411,18,5,1587.33
1040,411,71,2,686.35
1041,412,36,2,1938.42
1042,412,94,5,683.74
1043,412,55,1,251.64
1044,413,34,4,1993.92
1045,413,84,2,1413.4
1046,413,52,4,415.08
1047,414,33,4,1832.98
1048,415,69,2,1729.41
1049,415,10,3,1408.95
1050,416,92,3,825.86
1051,416,73,5,572.85
1052,417,54,2,881.85
1053,417,41,4,583.55
1054,418,4,5,1324.25
1055,418,32,1,946.3
1056,418,35,1,1273.22
1057,418,69,1,1729.41
1058,419,9,3,470.64
1059,419,82,1,1713.47
1060,419,47,3,1318.74
1061,419,100,3,1238.74
1062,420,29,3,1178.37
1063,420,2,1,1895.7
1064,421,29,4,1178.37
1065,421,14,1,856.03
1066,421,23,5,1005.94
1067,421,94,3,683.74
1068,422,13,5,1325.75
1069,422,45,5,240.68
1070,422,37,5,702.44
1071,422,35,5,1273.22
1072,423,7,2,822.95
1073,424,97,4,766.22
1074,424,24,3,881.14
1075,424,95,5,1303.17
1076,425,62,5,1001.77
1077,425,17,3,152.11
1078,425,2,5,1895.7
1079,425,92,2,825.86
1080,426,19,4,1500.43
1081,426,73,3,572.85
1082,427,93,3,158.91
1083,428,87,5,261.23
1084,428,54,4,881.85
1085,429,57,3,628.39
1086,429,60,5,928.28
1087,430,36,4,1938.42
1088,430,67,2,773.34
1089,430,40,1,829.17
1090,431,53,3,270.72
1091,431,12,1,1848.58
1092,431,10,2,1408.95
1093,432,22,5,1402.47
1094,433,11,3,151.65
1095,434,2,4,1895.7
1096,434,87,5,261.23
1097,434,94,2,683.74
1098,434,62,4,1001.77
1099,435,52,1,415.08
1100,436,96,1,1706.16
1101,436,92,4,825.86
1102,437,32,5,946.3
1103,437,88,5,670.67
1104,437,6,5,159.38
1105,438,22,5,1402.47
1106,438,29,2,1178.37
1107,438,10,3,1408.95
1108,438,18,5,1587.33
1109,439,7,4,822.95
1110,439,64,4,836.83
1111,439,22,3,1402.47
1112,440,44,2,635.89
1113,441,38,3,648.91
1114,442,38,3,648.91
1115,442,28,1,465.56
1116,442,95,5,1303.17
1117,442,51,2,1254.56
1118,443,83,5,96.86
1119,443,5,4,487.33
1120,443,80,4,1740.51
1121,444,46,1,1731.17
1122,445,43,3,83.03
1123,445,46,1,1731.17
1124,445,1,3,129.86
1125,445,93,2,158.91
1126,446,46,1,1731.17
1127,446,13,4,1325.75
1128,446,63,2,1022.66
1129,446,11,5,151.65
1130,447,53,1,270.72
1131,447,63,1,1022.66
1132,448,99,3,1746.04
1133,448,29,4,1178.37
1134,449,48,3,929.33
1135,449,47,4,1318.74
1136,449,24,5,881.14
1137,449,35,1,1273.22
1138,450,85,4,778.3
1139,450,21,2,257.46
1140,450,46,4,1731.17
1141,450,1,3,129.86
1142,451,15,2,457.37
1143,451,37,1,702.44
1144,452,51,4,1254.56
1145,452,96,3,1706.16
1146,453,21,2,257.46
1147,454,86,3,995.7
1148,454,16,4,1817.74
1149,454,63,5,1022.66
1150,454,64,2,836.83
1151,455,97,4,766.22
1152,455,65,4,1960.69
1153,455,17,1,152.11
1154,456,3,2,1254.77
1155,457,45,5,240.68
1156,457,2,2,1895.7
1157,458,87,3,261.23
1158,459,77,1,1081.78
1159,459,56,4,1600.63
1160,459,38,3,648.91
1161,459,63,1,1022.66
1162,460,32,5,946.3
1163,460,20,5,1843.17
1164,460,24,2,881.14
1165,460,36,1,1938.42
1166,461,90,2,208.43
1167,461,86,4,995.7
1168,461,26,4,1471.72
1169,462,90,5,208.43
1170,463,25,5,89.32
1171,463,81,2,1147.88
1172,464,16,2,1817.74
1173,464,52,1,415.08
1174,465,25,2,89.32
1175,465,55,1,251.64
1176,465,79,2,760.65
1177,466,7,4,822.95
1178,467,68,3,1021.4
1179,467,90,2,208.43
1180,467,29,3,1178.37
1181,467,55,4,251.64
1182,468,66,4,919.01
1183,469,39,1,1716.89
1184,470,47,3,1318.74
1185,470,45,4,240.68
1186,470,32,3,946.3
1187,471,24,1,881.14
1188,472,7,3,822.95
1189,473,37,4,702.44
1190,473,36,5,1938.42
1191,474,56,2,1600.63
1192,475,63,3,1022.66
1193,475,43,3,83.03
1194,475,15,1,457.37
1195,476,88,5,670.67
1196,477,43,3,83.03
1197,477,95,3,1303.17
1198,478,31,3,1156.73
1199,478,27,5,508.23
1200,478,50,1,1249.04
1201,479,17,5,152.11
1202,480,6,5,159.38
1203,481,25,4,89.32
1204,481,13,1,1325.75
1205,482,39,4,1716.89
1206,482,98,2,1257.33
1207,482,69,2,1729.41
1208,483,17,2,152.11
1209,484,71,3,686.35
1210,484,98,5,1257.33
1211,484,45,3,240.68
1212,484,58,1,1108.98
1213,485,9,4,470.64
1214,485,54,5,881.85
1215,485,65,1,1960.69
1216,485,22,5,1402.47
1217,486,90,2,208.43
1218,486,38,1,648.91
1219,486,73,1,572.85
1220,487,95,4,1303.17
1221,487,64,5,836.83
1222,488,22,4,1402.47
1223,489,72,4,541.67
1224,489,52,5,415.08
1225,489,35,2,1273.22
1226,489,24,1,881.14
1227,490,74,2,1676.58
1228,490,76,1,1731.87
1229,491,65,5,1960.69
1230,491,34,3,1993.92
1231,491,29,3,1178.37
1232,491,91,3,40.54
1233,492,22,2,1402.47
1234,493,69,2,1729.41
1235,494,6,2,159.38
1236,494,36,2,1938.42
1237,494,35,1,1273.22
1238,495,27,5,508.23
1239,495,15,1,457.37
1240,496,81,5,1147.88
1241,496,48,3,929.33
1242,496,11,5,151.65
1243,497,93,2,158.91
1244,497,53,5,270.72
1245,497,38,3,648.91
1246,498,81,1,1147.88
1247,499,29,3,1178.37
1248,499,23,3,1005.94
1249,499,3,5,1254.77
1250,500,93,4,158.91
1251,501,81,5,1147.88
1252,501,71,2,686.35
1253,501,57,2,628.39
1254,502,35,2,1273.22
1255,502,75,4,1997.82
1256,502,20,4,1843.17
1257,503,94,4,683.74
1258,503,48,2,929.33
1259,504,12,4,1848.58
1260,504,24,4,881.14
1261,504,24,2,881.14
1262,504,25,5,89.32
1263,505,94,2,683.74
1264,505,83,3,96.86
1265,505,3,3,1254.77
1266,505,21,2,257.46
1267,506,88,5,670.67
1268,506,25,1,89.32
1269,506,19,1,1500.43
1270,506,55,2,251.64
1271,507,83,4,96.86
1272,507,13,5,1325.75
1273,507,18,1,1587.33
1274,507,78,1,671.56
1275,508,50,1,1249.04
1276,508,15,1,457.37
1277,508,98,1,1257.33
1278,508,17,2,152.11
1279,509,35,2,1273.22
1280,510,2,1,1895.7
1281,511,91,1,40.54
1282,511,26,2,1471.72
1283,511,62,5,1001.77
1284,512,21,3,257.46
1285,512,43,4,83.03
1286,512,20,2,1843.17
1287,512,8,5,945.13
1288,513,81,5,1147.88
1289,513,16,1,1817.74
1290,513,6,1,159.38
1291,514,14,5,856.03
1292,514,54,2,881.85
1293,514,1,2,129.86
1294,515,30,4,1999.15
1295,516,19,3,1500.43
1296,516,84,3,1413.4
1297,516,29,4,1178.37
1298,516,88,1,670.67
1299,517,22,1,1402.47
1300,517,29,1,1178.37
1301,517,37,3,702.44
1302,517,10,5,1408.95
1303,518,16,3,1817.74
1304,518,11,1,151.65
1305,518,78,2,671.56
1306,519,55,5,251.64
1307,519,43,5,83.03
1308,520,87,4,261.23
1309,520,20,3,1843.17
1310,521,45,1,240.68
1311,521,35,4,1273.22
1312,521,85,3,778.3
1313,522,92,1,825.86
1314,522,1,2,129.86
1315,522,100,2,1238.74
1316,523,19,4,1500.43
1317,523,58,4,1108.98
1318,523,9,1,470.64
1319,524,94,3,683.74
1320,524,19,1,1500.43
1321,524,42,2,1629.0
1322,524,24,4,881.14
1323,525,41,4,583.55
1324,525,55,4,251.64
1325,525,89,4,1749.64
1326,526,18,2,1587.33
1327,526,50,4,1249.04
1328,526,71,4,686.35
1329,527,69,5,1729.41
1330,527,30,4,1999.15
1331,527,11,5,151.65
1332,527,92,4,825.86
1333,528,90,1,208.43
1334,528,31,3,1156.73
1335,529,27,1,508.23
1336,530,72,4,541.67
1337,530,18,1,1587.33
1338,530,8,3,945.13
1339,531,100,2,1238.74
1340,531,38,4,648.91
1341,531,19,5,1500.43
1342,532,32,2,946.3
1343,532,29,1,1178.37
1344,532,96,2,1706.16
1345,532,16,2,1817.74
1346,533,94,1,683.74
1347,533,90,4,208.43
1348,533,48,1,929.33
1349,533,90,1,208.43
1350,534,62,5,1001.77
1351,535,4,2,1324.25
1352,535,47,2,1318.74
1353,536,32,1,946.3
1354,537,73,4,572.85
1355,538,98,2,1257.33
1356,538,61,2,1298.94
1357,539,61,4,1298.94
1358,539,93,3,158.91
1359,539,57,1,628.39
1360,540,15,2,457.37
1361,540,8,1,945.13
1362,540,78,2,671.56
1363,541,2,4,1895.7
1364,541,55,4,251.64
1365,542,74,5,1676.58
1366,542,40,2,829.17
1367,542,55,2,251.64
1368,543,12,5,1848.58
1369,543,49,2,383.29
1370,543,96,2,1706.16
1371,544,80,1,1740.51
1372,544,29,4,1178.37
1373,544,24,5,881.14
1374,544,78,1,671.56
1375,545,62,3,1001.77
1376,545,84,4,1413.4
1377,545,49,2,383.29
1378,545,7,3,822.95
1379,546,25,3,89.32
1380,546,14,1,856.03
1381,546,10,3,1408.95
1382,546,78,3,671.56
1383,547,31,3,1156.73
1384,548,70,1,1547.62
1385,548,9,2,470.64
1386,549,97,3,766.22
1387,550,71,2,686.35
1388,550,82,1,1713.47
1389,551,35,1,1273.22
1390,551,73,5,572.85
1391,552,73,4,572.85
1392,553,7,3,822.95
1393,554,40,1,829.17
1394,555,97,3,766.22
1395,555,51,5,1254.56
1396,555,25,3,89.32
1397,556,93,3,158.91
1398,556,17,1,152.11
1399,556,43,4,83.03
1400,556,95,5,1303.17
1401,557,65,2,1960.69
1402,558,76,4,1731.87
1403,559,76,1,1731.87
1404,559,38,2,648.91
1405,559,20,4,1843.17
1406,559,11,1,151.65
1407,560,28,2,465.56
1408,560,99,2,1746.04
1409,561,58,2,1108.98
1410,561,44,3,635.89
1411,561,47,5,1318.74
1412,562,6,4,159.38
1413,562,31,2,1156.73
1414,562,79,5,760.65
1415,562,10,2,1408.95
1416,563,13,1,1325.75
1417,563,19,3,1500.43
1418,563,71,1,686.35
1419,563,64,1,836.83
1420,564,41,2,583.55
1421,564,38,2,648.91
1422,564,9,3,470.64
1423,564,74,3,1676.58
1424,565,12,1,1848.58
1425,565,23,4,1005.94
1426,565,34,4,1993.92
1427,566,98,4,1257.33
1428,566,84,2,1413.4
1429,566,16,5,1817.74
1430,567,6,3,159.38
1431,567,37,4,702.44
1432,567,53,5,270.72
1433,567,88,2,670.67
1434,568,47,5,1318.74
1435,568,80,3,1740.51
1436,568,48,1,929.33
1437,568,88,4,670.67
1438,569,34,1,1993.92
1439,569,80,1,1740.51
1440,569,95,2,1303.17
1441,569,90,5,208.43
1442,570,20,1,1843.17
1443,571,49,2,383.29
1444,571,73,4,572.85
1445,571,10,2,1408.95
1446,572,60,1,928.28
1447,572,45,4,240.68
1448,572,60,5,928.28
1449,572,60,1,928.28
1450,573,24,1,881.14
1451,574,99,4,1746.04
1452,574,26,4,1471.72
1453,574,43,1,83.03
1454,574,41,3,583.55
1455,575,28,4,465.56
1456,575,15,3,457.37
1457,575,59,1,457.15
1458,575,70,2,1547.62
1459,576,19,2,1500.43
1460,576,41,5,583.55
1461,576,5,5,487.33
1462,576,100,4,1238.74
1463,577,47,4,1318.74
1464,578,28,1,465.56
1465,578,28,1,465.56
1466,578,98,4,1257.33
1467,578,35,3,1273.22
1468,579,11,2,151.65
1469,579,9,3,470.64
1470,580,11,3,151.65
1471,580,92,4,825.86
1472,580,54,5,881.85
1473,580,28,3,465.56
1474,581,7,1,822.95
1475,581,55,3,251.64
1476,582,22,2,1402.47
1477,582,45,4,240.68
1478,582,62,4,1001.77
1479,583,90,4,208.43
1480,583,46,5,1731.17
1481,584,2,5,1895.7
1482,584,77,2,1081.78
1483,584,10,5,1408.95
1484,584,79,2,760.65
1485,585,86,3,995.7
1486,585,2,2,1895.7
1487,585,59,2,457.15
1488,586,41,1,583.55
1489,586,87,4,261.23
1490,586,34,5,1993.92
1491,586,93,1,158.91
1492,587,17,4,152.11
1493,587,82,5,1713.47
1494,587,13,1,1325.75
1495,587,28,2,465.56
1496,588,90,5,208.43
1497,588,100,2,1238.74
1498,588,77,4,1081.78
1499,588,28,3,465.56
1500,589,25,5,89.32
1501,589,2,3,1895.7
1502,590,3,3,1254.77
1503,590,40,5,829.17
1504,590,16,4,1817.74
1505,591,53,4,270.72
1506,591,46,3,1731.17
1507,591,70,4,1547.62
1508,591,67,3,773.34
1509,592,23,4,1005.94
1510,593,48,2,929.33
1511,593,71,5,686.35
1512,593,21,5,257.46
1513,593,56,4,1600.63
1514,594,85,4,778.3
1515,594,82,3,1713.47
1516,594,90,5,208.43
1517,595,12,1,1848.58
1518,596,84,1,1413.4
1519,597,14,4,856.03
1520,597,96,5,1706.16
1521,597,70,1,1547.62
1522,597,82,4,1713.47
1523,598,86,3,995.7
1524,599,28,2,465.56
1525,599,100,4,1238.74
1526,599,71,4,686.35
1527,599,15,2,457.37
1528,600,16,3,1817.74
1529,600,60,4,928.28
1530,600,83,4,96.86
1531,600,1,3,129.86
1532,601,65,3,1960.69
1533,601,35,3,1273.22
1534,602,54,2,881.85
1535,602,1,4,129.86
1536,602,5,1,487.33
1537,603,20,3,1843.17
1538,604,43,2,83.03
1539,604,74,4,1676.58
1540,604,31,5,1156.73
1541,605,25,5,89.32
1542,605,83,4,96.86
1543,605,7,5,822.95
1544,605,55,2,251.64
1545,606,94,2,683.74
1546,606,52,3,415.08
1547,606,67,2,773.34
1548,606,56,2,1600.63
1549,607,91,2,40.54
1550,608,81,5,1147.88
1551,609,98,3,1257.33
1552,609,71,2,686.35
1553,609,42,2,1629.0
1554,609,12,1,1848.58
1555,610,56,1,1600.63
1556,611,4,5,1324.25
1557,611,91,5,40.54
1558,612,74,4,1676.58
1559,613,96,2,1706.16
1560,614,82,3,1713.47
1561,614,24,2,881.14
1562,614,84,2,1413.4
1563,614,39,2,1716.89
1564,615,93,4,158.91
1565,615,99,3,1746.04
1566,616,36,1,1938.42
1567,617,81,1,1147.88
1568,617,82,5,1713.47
1569,618,15,4,457.37
1570,619,14,2,856.03
1571,620,34,2,1993.92
1572,620,12,1,1848.58
1573,620,64,3,836.83
1574,621,51,1,1254.56
1575,621,63,1,1022.66
1576,622,10,4,1408.95
1577,622,81,1,1147.88
1578,622,27,4,508.23
1579,622,49,3,383.29
1580,623,21,2,257.46
1581,623,39,1,1716.89
1582,623,23,5,1005.94
1583,623,81,5,1147.88
1584,624,16,3,1817.74
1585,625,62,5,1001.77
1586,625,77,5,1081.78
1587,625,1,2,129.86
1588,626,16,2,1817.74
1589,626,78,1,671.56
1590,626,69,1,1729.41
1591,627,28,3,465.56
1592,627,15,2,457.37
1593,628,42,2,1629.0
1594,629,11,2,151.65
1595,629,35,3,1273.22
1596,630,26,1,1471.72
1597,630,45,5,240.68
1598,630,84,3,1413.4
1599,630,60,4,928.28
1600,631,66,4,919.01
1601,631,25,3,89.32
1602,631,23,2,1005.94
1603,631,88,3,670.67
1604,632,14,5,856.03
1605,632,99,5,1746.04
1606,632,40,2,829.17
1607,632,27,4,508.23
1608,633,58,4,1108.98
1609,633,77,3,1081.78
1610,633,41,5,583.55
1611,633,14,5,856.03
1612,634,55,2,251.64
1613,634,73,3,572.85
1614,634,48,1,929.33
1615,634,58,2,1108.98
1616,635,66,3,919.01
1617,636,38,5,648.91
1618,636,83,5,96.86
1619,636,46,4,1731.17
1620,636,4,1,1324.25
1621,637,42,4,1629.0
1622,637,24,3,881.14
1623,638,10,2,1408.95
1624,638,85,3,778.3
1625,639,19,3,1500.43
1626,639,16,1,1817.74
1627,639,41,1,583.55
1628,640,28,4,465.56
1629,640,73,3,572.85
1630,640,30,5,1999.15
1631,641,50,3,1249.04
1632,642,68,2,1021.4
1633,642,14,5,856.03
1634,643,92,5,825.86
1635,643,86,1,995.7
1636,643,74,4,1676.58
1637,644,41,3,583.55
1638,644,26,2,1471.72
1639,644,7,4,822.95
1640,644,64,1,836.83
1641,645,54,1,881.85
1642,645,16,4,1817.74
1643,645,22,5,1402.47
1644,646,76,4,1731.87
1645,646,31,5,1156.73
1646,646,3,3,1254.77
1647,647,83,5,96.86
1648,648,60,3,928.28
1649,649,52,1,415.08
1650,649,69,5,1729.41
1651,650,44,1,635.89
1652,651,61,1,1298.94
1653,652,93,3,158.91
1654,652,36,3,1938.42
1655,652,97,3,766.22
1656,652,52,1,415.08
1657,653,64,5,836.83
1658,653,7,4,822.95
1659,653,39,4,1716.89
1660,654,83,1,96.86
1661,654,48,5,929.33
1662,654,14,1,856.03
1663,654,29,1,1178.37
1664,655,18,1,1587.33
1665,656,89,4,1749.64
1666,656,29,2,1178.37
1667,656,12,2,1848.58
1668,657,69,1,1729.41
1669,657,89,1,1749.64
1670,657,34,1,1993.92
1671,658,7,3,822.95
1672,659,34,3,1993.92
1673,660,35,2,1273.22
1674,660,18,5,1587.33
1675,660,59,1,457.15
1676,660,17,3,152.11
1677,661,97,5,766.22
1678,661,53,4,270.72
1679,662,67,5,773.34
1680,663,74,4,1676.58
1681,663,85,4,778.3
1682,664,42,4,1629.0
1683,664,29,1,1178.37
1684,664,34,3,1993.92
1685,665,46,5,1731.17
1686,666,85,2,778.3
1687,666,89,1,1749.64
1688,667,64,1,836.83
1689,668,2,2,1895.7
1690,668,60,4,928.28
1691,669,63,1,1022.66
1692,669,44,2,635.89
1693,670,98,3,1257.33
1694,670,91,4,40.54
1695,670,84,2,1413.4
1696,671,17,2,152.11
1697,672,50,4,1249.04
1698,672,80,5,1740.51
1699,672,26,4,1471.72
1700,673,9,3,470.64
1701,673,55,2,251.64
1702,674,74,1,1676.58
1703,674,19,4,1500.43
1704,674,14,1,856.03
1705,675,3,4,1254.77
1706,675,24,3,881.14
1707,676,61,5,1298.94
1708,677,46,3,1731.17
1709,677,16,5,1817.74
1710,677,11,3,151.65
1711,677,56,2,1600.63
1712,678,51,5,1254.56
1713,678,56,5,1600.63
1714,679,7,4,822.95
1715,679,35,3,1273.22
1716,679,13,1,1325.75
1717,680,94,4,683.74
1718,680,25,3,89.32
1719,680,25,4,89.32
1720,680,23,5,1005.94
1721,681,68,5,1021.4
1722,681,64,5,836.83
1723,681,56,1,1600.63
1724,682,83,2,96.86
1725,683,29,1,1178.37
1726,684,5,5,487.33
1727,685,31,1,1156.73
1728,685,69,1,1729.41
1729,685,36,2,1938.42
1730,686,51,4,1254.56
1731,686,13,2,1325.75
1732,686,94,3,683.74
1733,686,64,2,836.83
1734,687,27,3,508.23
1735,687,82,3,1713.47
1736,688,94,1,683.74
1737,688,13,2,1325.75
1738,688,65,5,1960.69
1739,689,95,3,1303.17
1740,689,89,2,1749.64
1741,689,22,3,1402.47
1742,689,88,1,670.67
1743,690,24,3,881.14
1744,690,59,2,457.15
1745,691,86,4,995.7
1746,692,43,1,83.03
1747,692,23,3,1005.94
1748,692,10,2,1408.95
1749,692,87,1,261.23
1750,693,61,5,1298.94
1751,693,1,4,129.86
1752,693,32,4,946.3
1753,694,6,1,159.38
1754,695,30,5,1999.15
1755,695,65,2,1960.69
1756,695,97,2,766.22
1757,696,13,3,1325.75
1758,697,58,4,1108.98
1759,697,95,3,1303.17
1760,697,70,3,1547.62
1761,698,33,3,1832.98
1762,698,59,1,457.15
1763,698,46,3,1731.17
1764,698,91,3,40.54
1765,699,15,3,457.37
1766,699,88,5,670.67
1767,699,94,1,683.74
1768,699,19,4,1500.43
1769,700,85,2,778.3
1770,700,46,4,1731.17
1771,701,32,5,946.3
1772,702,47,2,1318.74
1773,702,96,1,1706.16
1774,702,25,4,89.32
1775,702,82,1,1713.47
1776,703,81,5,1147.88
1777,703,58,5,1108.98
1778,703,23,3,1005.94
1779,704,43,4,83.03
1780,704,76,4,1731.87
1781,704,36,3,1938.42
1782,705,6,5,159.38
1783,705,67,3,773.34
1784,706,56,4,1600.63
1785,707,37,1,702.44
1786,707,2,4,1895.7
1787,707,88,2,670.67
1788,708,88,2,670.67
1789,708,67,3,773.34
1790,708,80,5,1740.51
1791,708,86,2,995.7
1792,709,63,3,1022.66
1793,709,9,3,470.64
1794,709,2,4,1895.7
1795,710,28,3,465.56
1796,711,7,4,822.95
1797,712,1,4,129.86
1798,712,46,1,1731.17
1799,712,7,3,822.95
1800,713,45,3,240.68
1801,713,65,5,1960.69
1802,714,12,3,1848.58
1803,714,19,2,1500.43
1804,715,75,1,1997.82
1805,715,38,2,648.91
1806,715,5,4,487.33
1807,715,46,2,1731.17
1808,716,55,4,251.64
1809,716,13,3,1325.75
1810,716,39,5,1716.89
1811,716,40,2,829.17
1812,717,87,3,261.23
1813,717,75,2,1997.82
1814,717,88,2,670.67
1815,717,33,2,1832.98
1816,718,71,2,686.35
1817,718,39,3,1716.89
1818,718,11,3,151.65
1819,718,73,4,572.85
1820,719,49,4,383.29
1821,719,13,2,1325.75
1822,720,89,3,1749.64
1823,720,65,3,1960.69
1824,720,60,3,928.28
1825,720,55,4,251.64
1826,721,53,4,270.72
1827,721,4,5,1324.25
1828,721,4,4,1324.25
1829,721,12,2,1848.58
1830,722,32,5,946.3
1831,722,66,3,919.01
1832,722,17,5,152.11
1833,723,7,4,822.95
1834,723,17,4,152.11
1835,723,86,1,995.7
1836,724,98,5,1257.33
1837,724,59,1,457.15
1838,724,11,1,151.65
1839,724,35,1,1273.22
1840,725,77,1,1081.78
1841,725,38,5,648.91
1842,725,62,3,1001.77
1843,726,16,5,1817.74
1844,727,90,2,208.43
1845,728,72,4,541.67
1846,728,18,2,1587.33
1847,729,39,3,1716.89
1848,729,93,1,158.91
1849,730,80,2,1740.51
1850,730,15,1,457.37
1851,730,1,2,129.86
1852,730,78,1,671.56
1853,731,32,2,946.3
1854,732,61,1,1298.94
1855,733,51,1,1254.56
1856,733,16,3,1817.74
1857,733,52,4,415.08
1858,733,24,2,881.14
1859,734,79,4,760.65
1860,734,85,5,778.3
1861,734,16,4,1817.74
1862,735,82,1,1713.47
1863,735,24,2,881.14
1864,736,22,5,1402.47
1865,736,95,5,1303.17
1866,737,61,4,1298.94
1867,737,38,3,648.91
1868,738,76,4,1731.87
1869,739,86,3,995.7
1870,739,51,4,1254.56
1871,739,90,1,208.43
1872,740,54,4,881.85
1873,740,19,1,1500.43
1874,740,37,4,702.44
1875,740,16,5,1817.74
1876,741,2,5,1895.7
1877,741,39,1,1716.89
1878,741,83,5,96.86
1879,741,57,1,628.39
1880,742,18,4,1587.33
1881,742,93,4,158.91
1882,742,36,1,1938.42
1883,743,46,5,1731.17
1884,743,65,2,1960.69
1885,744,91,5,40.54
1886,744,50,5,1249.04
1887,744,9,2,470.64
1888,745,46,5,1731.17
1889,745,44,4,635.89
1890,746,36,3,1938.42
1891,746,51,1,1254.56
1892,747,49,4,383.29
1893,747,78,2,671.56
1894,747,74,5,1676.58
1895,747,100,5,1238.74
1896,748,17,3,152.11
1897,748,76,5,1731.87
1898,748,45,5,240.68
1899,749,9,1,470.64
1900,749,4,2,1324.25
1901,749,30,1,1999.15
1902,749,86,1,995.7
1903,750,87,4,261.23
1904,750,42,2,1629.0
1905,750,99,2,1746.04
1906,750,14,2,856.03
1907,751,97,4,766.22
1908,751,9,1,470.64
1909,751,79,3,760.65
1910,751,15,1,457.37
1911,752,57,3,628.39
1912,753,23,3,1005.94
1913,754,90,4,208.43
1914,755,18,5,1587.33
1915,755,72,2,541.67
1916,755,26,3,1471.72
1917,755,63,4,1022.66
1918,756,29,2,1178.37
1919,756,95,2,1303.17
1920,756,56,5,1600.63
1921,757,12,5,1848.58
1922,757,4,1,1324.25
1923,758,5,2,487.33
1924,758,1,3,129.86
1925,759,73,5,572.85
1926,759,10,3,1408.95
1927,759,24,5,881.14
1928,759,64,2,836.83
1929,760,74,4,1676.58
1930,760,65,3,1960.69
1931,761,80,5,1740.51
1932,761,18,1,1587.33
1933,761,57,4,628.39
1934,762,10,5,1408.95
1935,762,11,2,151.65
1936,762,67,3,773.34
1937,762,13,1,1325.75
1938,763,30,1,1999.15
1939,763,77,5,1081.78
1940,763,43,1,83.03
1941,763,29,3,1178.37
1942,764,50,3,1249.04
1943,764,9,2,470.64
1944,764,37,1,702.44
1945,765,67,5,773.34
1946,765,65,3,1960.69
1947,766,80,1,1740.51
1948,766,70,1,1547.62
1949,766,75,4,1997.82
1950,766,34,1,1993.92
1951,767,44,4,635.89
1952,768,26,3,1471.72
1953,768,98,1,1257.33
1954,768,18,2,1587.33
1955,769,97,1,766.22
1956,769,31,4,1156.73
1957,769,10,5,1408.95
1958,770,45,1,240.68
1959,771,77,5,1081.78
1960,771,11,5,151.65
1961,771,62,2,1001.77
1962,771,35,1,1273.22
1963,772,5,4,487.33
1964,773,84,3,1413.4
1965,773,56,4,1600.63
1966,774,30,1,1999.15
1967,774,8,1,945.13
1968,774,100,2,1238.74
1969,775,88,1,670.67
1970,775,71,4,686.35
1971,775,7,4,822.95
1972,775,99,4,1746.04
1973,776,56,4,1600.63
1974,776,71,2,686.35
1975,777,57,1,628.39
1976,778,46,2,1731.17
1977,778,44,4,635.89
1978,778,8,2,945.13
1979,779,12,5,1848.58
1980,779,2,2,1895.7
1981,780,96,5,1706.16
1982,780,73,1,572.85
1983,780,2,2,1895.7
1984,780,8,1,945.13
1985,781,17,4,152.11
1986,782,37,1,702.44
1987,782,41,3,583.55
1988,783,38,2,648.91
1989,783,78,4,671.56
1990,784,85,1,778.3
1991,784,85,1,778.3
1992,784,10,3,1408.95
1993,784,70,2,1547.62
1994,785,91,3,40.54
1995,785,29,4,1178.37
1996,785,92,3,825.86
1997,785,47,5,1318.74
1998,786,84,2,1413.4
1999,786,68,3,1021.4
2000,786,41,5,583.55
2001,787,7,3,822.95
2002,788,91,5,40.54
2003,788,63,3,1022.66
2004,788,11,2,151.65
2005,788,18,5,1587.33
2006,789,40,5,829.17
2007,789,27,1,508.23
2008,790,93,2,158.91
2009,790,5,2,487.33
2010,790,90,4,208.43
2011,791,15,1,457.37
2012,791,64,1,836.83
2013,791,35,3,1273.22
2014,791,76,4,1731.87
2015,792,11,1,151.65
2016,792,36,5,1938.42
2017,792,50,4,1249.04
2018,793,49,4,383.29
2019,794,6,2,159.38
2020,794,27,4,508.23
2021,794,24,4,881.14
2022,794,69,1,1729.41
2023,795,5,5,487.33
2024,795,98,3,1257.33
2025,795,4,5,1324.25
2026,796,34,5,1993.92
2027,796,28,1,465.56
2028,796,44,5,635.89
2029,797,55,1,251.64
2030,797,14,5,856.03
2031,797,50,3,1249.04
2032,797,69,4,1729.41
2033,798,74,5,1676.58
2034,798,99,5,1746.04
2035,798,34,2,1993.92
2036,798,49,4,383.29
2037,799,17,1,152.11
2038,799,36,3,1938.42
2039,800,32,5,946.3
2040,801,44,5,635.89
2041,801,51,1,1254.56
2042,801,79,3,760.65
2043,802,35,3,1273.22
2044,802,84,5,1413.4
2045,802,2,1,1895.7
2046,803,73,3,572.85
2047,803,34,2,1993.92
2048,803,57,4,628.39
2049,804,57,1,628.39
2050,805,5,3,487.33
2051,805,62,5,1001.77
2052,805,28,4,465.56
2053,805,8,5,945.13
2054,806,36,5,1938.42
2055,807,9,4,470.64
2056,807,24,3,881.14
2057,807,99,3,1746.04
2058,808,64,2,836.83
2059,808,30,2,1999.15
2060,808,19,5,1500.43
2061,809,30,1,1999.15
2062,810,24,5,881.14
2063,811,75,3,1997.82
2064,811,6,5,159.38
2065,811,92,2,825.86
2066,811,8,3,945.13
2067,812,3,3,1254.77
2068,812,70,1,1547.62
2069,812,77,2,1081.78
2070,813,14,1,856.03
2071,813,65,4,1960.69
2072,813,15,5,457.37
2073,814,31,2,1156.73
2074,815,74,3,1676.58
2075,815,88,4,670.67
2076,815,10,4,1408.95
2077,816,19,1,1500.43
2078,816,42,5,1629.0
2079,816,47,3,1318.74
2080,817,84,3,1413.4
2081,817,61,3,1298.94
2082,817,80,1,1740.51
2083,817,21,3,257.46
2084,818,38,2,648.91
2085,819,14,5,856.03
2086,820,41,5,583.55
2087,820,92,5,825.86
2088,821,28,4,465.56
2089,821,75,1,1997.82
2090,821,85,2,778.3
2091,822,98,1,1257.33
2092,822,10,2,1408.95
2093,822,73,5,572.85
2094,822,74,5,1676.58
2095,823,69,1,1729.41
2096,823,68,1,1021.4
2097,823,78,4,671.56
2098,823,85,5,778.3
2099,824,41,3,583.55
2100,824,25,5,89.32
2101,824,38,2,648.91
2102,824,43,2,83.03
2103,825,30,4,1999.15
2104,825,41,1,583.55
2105,825,89,2,1749.64
2106,826,94,4,683.74
2107,826,47,1,1318.74
2108,826,46,5,1731.17
2109,826,65,1,1960.69
2110,827,84,4,1413.4
2111,827,78,2,671.56
2112,827,58,4,1108.98
2113,828,73,2,572.85
2114,828,69,2,1729.41
2115,829,87,5,261.23
2116,829,86,2,995.7
2117,829,78,3,671.56
2118,829,37,3,702.44
2119,830,16,1,1817.74
2120,830,53,4,270.72
2121,830,65,2,1960.69
2122,831,81,2,1147.88
2123,831,24,4,881.14
2124,831,2,2,1895.7
2125,831,16,4,1817.74
2126,832,98,5,1257.33
2127,832,92,4,825.86
2128,832,96,1,1706.16
2129,833,5,4,487.33
2130,833,4,2,1324.25
2131,834,17,5,152.11
2132,835,55,3,251.64
2133,835,17,4,152.11
2134,835,90,5,208.43
2135,835,31,3,1156.73
2136,836,44,3,635.89
2137,837,93,1,158.91
2138,838,95,3,1303.17
2139,839,53,4,270.72
2140,839,95,4,1303.17
2141,839,38,4,648.91
2142,839,90,2,208.43
2143,840,93,5,158.91
2144,840,66,1,919.01
2145,841,1,5,129.86
2146,841,76,3,1731.87
2147,842,49,3,383.29
2148,842,57,2,628.39
2149,842,66,5,919.01
2150,842,36,1,1938.42
2151,843,39,4,1716.89
2152,843,44,1,635.89
2153,844,37,3,702.44
2154,844,50,3,1249.04
2155,844,97,2,766.22
2156,844,19,1,1500.43
2157,845,56,5,1600.63
2158,845,36,5,1938.42
2159,846,13,3,1325.75
2160,846,37,2,702.44
2161,846,16,3,1817.74
2162,847,63,4,1022.66
2163,847,29,2,1178.37
2164,847,37,3,702.44
2165,848,30,3,1999.15
2166,849,13,2,1325.75
2167,849,71,5,686.35
2168,850,4,5,1324.25
2169,850,6,5,159.38
2170,851,1,4,129.86
2171,851,4,3,1324.25
2172,852,37,5,702.44
2173,852,55,4,251.64
2174,853,59,3,457.15
2175,853,15,1,457.37
2176,854,56,4,1600.63
2177,854,34,1,1993.92
2178,854,18,3,1587.33
2179,854,94,1,683.74
2180,855,11,2,151.65
2181,855,94,1,683.74
2182,855,42,2,1629.0
2183,856,36,4,1938.42
2184,856,81,5,1147.88
2185,856,87,1,261.23
2186,857,5,4,487.33
2187,857,13,5,1325.75
2188,857,41,2,583.55
2189,858,82,1,1713.47
2190,859,18,5,1587.33
2191,859,49,2,383.29
2192,860,34,4,1993.92
2193,860,20,4,1843.17
2194,861,94,4,683.74
2195,861,37,2,702.44
2196,862,82,1,1713.47
2197,862,67,2,773.34
2198,863,56,1,1600.63
2199,864,72,5,541.67
2200,864,27,2,508.23
2201,864,5,4,487.33
2202,864,89,3,1749.64
2203,865,81,5,1147.88
2204,865,31,3,1156.73
2205,865,62,5,1001.77
2206,865,85,2,778.3
2207,866,30,3,1999.15
2208,866,86,4,995.7
2209,866,63,4,1022.66
2210,867,70,4,1547.62
2211,867,38,1,648.91
2212,867,29,1,1178.37
2213,868,54,4,881.85
2214,868,42,2,1629.0
2215,868,85,4,778.3
2216,869,23,4,1005.94
2217,870,85,1,778.3
2218,870,45,4,240.68
2219,870,91,2,40.54
2220,871,63,5,1022.66
2221,871,53,2,270.72
2222,871,4,3,1324.25
2223,871,35,5,1273.22
2224,872,53,1,270.72
2225,872,72,3,541.67
2226,873,87,3,261.23
2227,873,53,4,270.72
2228,873,57,4,628.39
2229,874,34,1,1993.92
2230,874,35,4,1273.22
2231,874,94,2,683.74
2232,874,44,1,635.89
2233,875,58,4,1108.98
2234,875,29,5,1178.37
2235,875,22,5,1402.47
2236,876,100,1,1238.74
2237,876,79,5,760.65
2238,877,17,5,152.11
2239,877,70,1,1547.62
2240,877,93,1,158.91
2241,878,12,3,1848.58
2242,878,46,5,1731.17
2243,878,9,1,470.64
2244,878,67,2,773.34
2245,879,69,2,1729.41
2246,879,21,5,257.46
2247,879,51,2,1254.56
2248,880,21,3,257.46
2249,880,43,4,83.03
2250,880,28,5,465.56
2251,881,2,1,1895.7
2252,881,3,5,1254.77
2253,882,65,4,1960.69
2254,883,6,2,159.38
2255,883,37,3,702.44
2256,883,4,2,1324.25
2257,883,81,2,1147.88
2258,884,35,1,1273.22
2259,885,84,4,1413.4
2260,885,17,3,152.11
2261,885,11,1,151.65
2262,885,10,5,1408.95
2263,886,3,1,1254.77
2264,886,96,5,1706.16
2265,886,78,2,671.56
2266,886,13,5,1325.75
2267,887,25,5,89.32
2268,887,40,3,829.17
2269,887,55,5,251.64
2270,887,96,1,1706.16
2271,888,36,4,1938.42
2272,888,26,1,1471.72
2273,888,34,5,1993.92
2274,889,49,3,383.29
2275,889,55,1,251.64
2276,889,29,4,1178.37
2277,889,72,3,541.67
2278,890,37,5,702.44
2279,890,65,2,1960.69
2280,890,49,1,383.29
2281,890,64,4,836.83
2282,891,98,5,1257.33
2283,891,92,1,825.86
2284,891,58,2,1108.98
2285,892,51,2,1254.56
2286,893,48,4,929.33
2287,893,73,1,572.85
2288,893,83,3,96.86
2289,893,43,2,83.03
2290,894,13,5,1325.75
2291,895,27,4,508.23
2292,895,76,2,1731.87
2293,896,19,4,1500.43
2294,897,67,5,773.34
2295,897,98,2,1257.33
2296,897,8,4,945.13
2297,897,33,4,1832.98
2298,898,95,3,1303.17
2299,898,20,1,1843.17
2300,898,42,5,1629.0
2301,899,1,3,129.86
2302,899,89,2,1749.64
2303,899,97,5,766.22
2304,899,63,5,1022.66
2305,900,41,2,583.55
2306,900,42,4,1629.0
2307,900,91,4,40.54
2308,900,66,5,919.01
2309,901,14,4,856.03
2310,902,49,2,383.29
2311,903,21,5,257.46
2312,904,22,2,1402.47
2313,905,15,1,457.37
2314,905,55,4,251.64
2315,905,22,5,1402.47
2316,905,63,2,1022.66
2317,906,52,1,415.08
2318,906,38,1,648.91
2319,906,56,3,1600.63
2320,906,93,3,158.91
2321,907,79,3,760.65
2322,907,73,2,572.85
2323,907,19,3,1500.43
2324,908,79,3,760.65
2325,908,67,5,773.34
2326,909,61,4,1298.94
2327,909,27,3,508.23
2328,909,96,2,1706.16
2329,910,68,4,1021.4
2330,910,2,3,1895.7
2331,911,23,2,1005.94
2332,911,61,1,1298.94
2333,911,1,3,129.86
2334,911,90,2,208.43
2335,912,89,1,1749.64
2336,912,69,4,1729.41
2337,913,13,1,1325.75
2338,913,80,4,1740.51
2339,913,77,2,1081.78
2340,914,45,5,240.68
2341,915,45,1,240.68
2342,915,25,3,89.32
2343,916,55,5,251.64
2344,916,94,3,683.74
2345,916,48,5,929.33
2346,917,33,5,1832.98
2347,917,70,2,1547.62
2348,917,10,5,1408.95
2349,917,20,1,1843.17
2350,918,36,2,1938.42
2351,918,34,5,1993.92
2352,919,17,5,152.11
2353,920,43,5,83.03
2354,920,99,5,1746.04
2355,920,78,3,671.56
2356,920,95,5,1303.17
2357,921,27,2,508.23
2358,921,1,2,129.86
2359,921,28,1,465.56
2360,921,79,2,760.65
2361,922,22,4,1402.47
2362,922,1,3,129.86
2363,923,7,2,822.95
2364,924,55,4,251.64
2365,924,42,3,1629.0
2366,924,65,1,1960.69
2367,924,31,5,1156.73
2368,925,49,4,383.29
2369,925,91,4,40.54
2370,925,46,3,1731.17
2371,925,67,3,773.34
2372,926,78,2,671.56
2373,927,82,3,1713.47
2374,927,92,2,825.86
2375,928,72,4,541.67
2376,928,63,3,1022.66
2377,928,88,1,670.67
2378,928,72,4,541.67
2379,929,23,1,1005.94
2380,929,47,4,1318.74
2381,929,99,3,1746.04
2382,930,28,5,465.56
2383,930,72,2,541.67
2384,930,49,3,383.29
2385,930,23,1,1005.94
2386,931,57,3,628.39
2387,931,68,2,1021.4
2388,932,76,3,1731.87
2389,933,13,3,1325.75
2390,933,33,5,1832.98
2391,933,2,5,1895.7
2392,934,5,3,487.33
2393,934,83,4,96.86
2394,934,51,1,1254.56
2395,935,36,1,1938.42
2396,935,74,1,1676.58
2397,935,92,4,825.86
2398,936,63,2,1022.66
2399,936,61,5,1298.94
2400,936,14,1,856.03
2401,936,48,1,929.33
2402,937,91,2,40.54
2403,937,17,1,152.11
2404,938,16,1,1817.74
2405,938,57,1,628.39
2406,938,41,1,583.55
2407,938,70,3,1547.62
2408,939,84,5,1413.4
2409,939,95,1,1303.17
2410,940,87,3,261.23
2411,940,91,2,40.54
2412,940,76,3,1731.87
2413,941,86,4,995.7
2414,942,86,1,995.7
2415,942,9,2,470.64
2416,942,98,5,1257.33
2417,942,19,3,1500.43
2418,943,23,4,1005.94
2419,944,36,5,1938.42
2420,945,89,5,1749.64
2421,945,53,2,270.72
2422,946,40,3,829.17
2423,947,16,3,1817.74
2424,947,60,5,928.28
2425,947,90,1,208.43
2426,948,12,1,1848.58
2427,948,12,2,1848.58
2428,948,94,1,683.74
2429,948,24,3,881.14
2430,949,99,2,1746.04
2431,950,28,3,465.56
2432,951,11,2,151.65
2433,951,40,2,829.17
2434,951,96,2,1706.16
2435,951,40,1,829.17
2436,952,91,3,40.54
2437,952,23,3,1005.94
2438,952,18,5,1587.33
2439,952,41,4,583.55
2440,953,25,3,89.32
2441,953,26,2,1471.72
2442,954,34,4,1993.92
2443,954,34,1,1993.92
2444,954,63,3,1022.66
2445,955,45,5,240.68
2446,955,58,2,1108.98
2447,955,5,5,487.33
2448,956,20,5,1843.17
2449,956,73,2,572.85
2450,956,90,4,208.43
2451,956,45,3,240.68
2452,957,44,5,635.89
2453,957,71,3,686.35
2454,958,66,2,919.01
2455,959,28,4,465.56
2456,959,34,1,1993.92
2457,959,15,5,457.37
2458,960,61,2,1298.94
2459,960,60,5,928.28
2460,961,48,5,929.33
2461,961,49,5,383.29
2462,961,5,3,487.33
2463,962,81,3,1147.88
2464,963,21,4,257.46
2465,964,43,3,83.03
2466,964,83,1,96.86
2467,964,24,3,881.14
2468,964,40,2,829.17
2469,965,70,2,1547.62
2470,965,97,1,766.22
2471,965,57,5,628.39
2472,965,59,5,457.15
2473,966,94,4,683.74
2474,966,61,2,1298.94
2475,966,33,3,1832.98
2476,966,77,3,1081.78
2477,967,87,4,261.23
2478,967,39,1,1716.89
2479,967,30,5,1999.15
2480,967,14,4,856.03
2481,968,100,3,1238.74
2482,968,74,4,1676.58
2483,968,76,1,1731.87
2484,968,21,5,257.46
2485,969,39,5,1716.89
2486,969,90,5,208.43
2487,970,73,2,572.85
2488,970,17,3,152.11
2489,971,12,3,1848.58
2490,972,45,4,240.68
2491,972,51,2,1254.56
2492,973,1,2,129.86
2493,973,26,2,1471.72
2494,973,39,3,1716.89
2495,973,11,2,151.65
2496,974,27,4,508.23
2497,974,12,2,1848.58
2498,975,88,5,670.67
2499,975,100,3,1238.74
2500,976,62,2,1001.77
2501,977,13,4,1325.75
2502,977,71,4,686.35
2503,977,90,2,208.43
2504,978,86,4,995.7
2505,978,60,2,928.28
2506,978,98,1,1257.33
2507,978,50,2,1249.04
2508,979,98,2,1257.33
2509,979,52,3,415.08
2510,979,37,4,702.44
2511,980,69,1,1729.41
2512,980,45,4,240.68
2513,980,86,5,995.7
2514,980,4,2,1324.25
2515,981,99,2,1746.04
2516,981,48,3,929.33
2517,982,65,1,1960.69
2518,982,79,5,760.65
2519,982,97,4,766.22
2520,983,83,2,96.86
2521,984,64,2,836.83
2522,984,6,2,159.38
2523,985,56,1,1600.63
2524,985,44,4,635.89
2525,985,84,2,1413.4
2526,986,20,3,1843.17
2527,986,40,4,829.17
2528,986,87,4,261.23
2529,986,5,3,487.33
2530,987,23,2,1005.94
2531,987,51,5,1254.56
2532,987,14,4,856.03
2533,987,11,3,151.65
2534,988,84,4,1413.4
2535,989,21,3,257.46
2536,990,74,5,1676.58
2537,990,50,4,1249.04
2538,991,63,4,1022.66
2539,992,99,1,1746.04
2540,992,39,4,1716.89
2541,992,34,1,1993.92
2542,992,78,4,671.56
2543,993,100,4,1238.74
2544,993,92,3,825.86
2545,993,69,3,1729.41
2546,994,23,4,1005.94
2547,995,87,1,261.23
2548,995,20,1,1843.17
2549,995,44,5,635.89
2550,995,34,2,1993.92
2551,996,56,1,1600.63
2552,996,60,3,928.28
2553,996,6,1,159.38
2554,996,63,4,1022.66
2555,997,7,5,822.95
2556,997,88,3,670.67
2557,997,33,4,1832.98
2558,998,87,3,261.23
2559,998,99,1,1746.04
2560,998,70,3,1547.62
2561,999,38,3,648.91
2562,999,54,1,881.85
2563,1000,42,3,1629.0
2564,1000,82,1,1713.47
2565,1000,77,1,1081.78
2566,1000,46,1,1731.17
2567,1001,32,2,946.3
2568,1001,11,5,151.65
2569,1001,13,2,1325.75
2570,1001,94,2,683.74
2571,1002,56,3,1600.63
2572,1002,45,4,240.68
2573,1002,89,5,1749.64
2574,1002,32,5,946.3
2575,1003,6,1,159.38
2576,1003,42,3,1629.0
2577,1003,5,2,487.33
2578,1003,78,1,671.56
2579,1004,66,1,919.01
2580,1004,44,3,635.89
2581,1004,55,4,251.64
2582,1004,3,2,1254.77
2583,1005,93,1,158.91
2584,1005,56,1,1600.63
2585,1005,25,5,89.32
2586,1006,39,5,1716.89
2587,1006,66,5,919.01
2588,1006,32,1,946.3
2589,1007,74,4,1676.58
2590,1007,28,4,465.56
2591,1007,36,2,1938.42
2592,1008,65,1,1960.69
2593,1008,78,4,671.56
2594,1008,24,3,881.14
2595,1009,1,4,129.86
2596,1009,27,1,508.23
2597,1009,54,2,881.85
2598,1010,35,4,1273.22
2599,1010,77,3,1081.78
2600,1010,13,2,1325.75
2601,1011,3,3,1254.77
2602,1011,29,1,1178.37
2603,1012,94,5,683.74
2604,1012,59,5,457.15
2605,1012,54,5,881.85
2606,1013,70,4,1547.62
2607,1013,61,5,1298.94
2608,1013,2,3,1895.7
2609,1014,41,3,583.55
2610,1014,57,2,628.39
2611,1014,60,4,928.28
2612,1015,69,2,1729.41
2613,1015,87,4,261.23
2614,1016,52,1,415.08
2615,1016,85,5,778.3
2616,1016,11,4,151.65
2617,1017,11,2,151.65
2618,1017,96,5,1706.16
2619,1017,48,3,929.33
2620,1018,97,3,766.22
2621,1018,58,4,1108.98
2622,1018,4,2,1324.25
2623,1019,80,3,1740.51
2624,1019,73,4,572.85
2625,1020,98,1,1257.33
2626,1020,97,3,766.22
2627,1020,72,4,541.67
2628,1020,31,4,1156.73
2629,1021,49,5,383.29
2630,1021,16,1,1817.74
2631,1022,28,2,465.56
2632,1022,15,5,457.37
2633,1022,38,2,648.91
2634,1022,21,4,257.46
2635,1023,46,2,1731.17
2636,1023,54,5,881.85
2637,1023,36,3,1938.42
2638,1023,99,3,1746.04
2639,1024,86,3,995.7
2640,1025,29,4,1178.37
2641,1025,64,4,836.83
2642,1025,37,4,702.44
2643,1025,21,2,257.46
2644,1026,37,1,702.44
2645,1026,69,3,1729.41
2646,1026,98,4,1257.33
2647,1026,84,2,1413.4
2648,1027,50,5,1249.04
2649,1028,54,4,881.85
2650,1028,25,1,89.32
2651,1028,80,2,1740.51
2652,1028,18,5,1587.33
2653,1029,77,5,1081.78
2654,1030,3,3,1254.77
2655,1030,79,2,760.65
2656,1030,22,5,1402.47
2657,1030,81,4,1147.88
2658,1031,48,1,929.33
2659,1032,71,5,686.35
2660,1032,25,2,89.32
2661,1032,59,3,457.15
2662,1032,93,2,158.91
2663,1033,61,2,1298.94
2664,1033,42,2,1629.0
2665,1034,9,1,470.64
2666,1034,27,5,508.23
2667,1034,60,4,928.28
2668,1035,88,5,670.67
2669,1035,57,2,628.39
2670,1036,60,5,928.28
2671,1036,83,1,96.86
2672,1037,21,2,257.46
2673,1037,60,1,928.28
2674,1037,1,1,129.86
2675,1038,67,4,773.34
2676,1038,50,1,1249.04
2677,1038,54,3,881.85
2678,1038,92,5,825.86
2679,1039,92,5,825.86
2680,1040,57,4,628.39
2681,1041,38,4,648.91
2682,1042,47,4,1318.74
2683,1043,55,1,251.64
2684,1043,14,2,856.03
2685,1043,34,5,1993.92
2686,1043,97,1,766.22
2687,1044,47,4,1318.74
2688,1044,85,3,778.3
2689,1045,32,4,946.3
2690,1045,27,3,508.23
2691,1046,43,1,83.03
2692,1047,91,4,40.54
2693,1047,97,2,766.22
2694,1047,97,3,766.22
2695,1047,44,3,635.89
2696,1048,43,4,83.03
2697,1048,90,3,208.43
2698,1048,73,3,572.85
2699,1048,77,1,1081.78
2700,1049,19,5,1500.43
2701,1049,37,1,702.44
2702,1050,48,5,929.33
2703,1050,47,3,1318.74
2704,1051,92,2,825.86
2705,1051,73,3,572.85
2706,1051,61,4,1298.94
2707,1052,20,2,1843.17
2708,1052,19,5,1500.43
2709,1052,38,4,648.91
2710,1053,82,2,1713.47
2711,1053,4,2,1324.25
2712,1053,75,3,1997.82
2713,1054,75,1,1997.82
2714,1054,34,3,1993.92
2715,1055,62,5,1001.77
2716,1055,22,3,1402.47
2717,1055,83,2,96.86
2718,1055,76,5,1731.87
2719,1056,67,3,773.34
2720,1056,49,4,383.29
2721,1056,83,2,96.86
2722,1057,23,4,1005.94
2723,1057,49,1,383.29
2724,1057,86,1,995.7
2725,1057,44,2,635.89
2726,1058,27,2,508.23
2727,1058,20,3,1843.17
2728,1058,78,1,671.56
2729,1059,46,4,1731.17
2730,1059,59,5,457.15
2731,1060,96,5,1706.16
2732,1061,95,2,1303.17
2733,1061,47,1,1318.74
2734,1062,81,1,1147.88
2735,1062,43,5,83.03
2736,1062,9,3,470.64
2737,1062,71,5,686.35
2738,1063,8,4,945.13
2739,1064,32,3,946.3
2740,1064,95,2,1303.17
2741,1065,30,4,1999.15
2742,1065,23,1,1005.94
2743,1066,71,3,686.35
2744,1066,12,2,1848.58
2745,1066,94,1,683.74
2746,1067,67,3,773.34
2747,1067,8,2,945.13
2748,1068,32,5,946.3
2749,1068,98,5,1257.33
2750,1069,60,1,928.28
2751,1069,69,1,1729.41
2752,1069,41,1,583.55
2753,1069,26,4,1471.72
2754,1070,57,1,628.39
2755,1071,26,1,1471.72
2756,1071,70,5,1547.62
2757,1071,28,5,465.56
2758,1071,63,3,1022.66
2759,1072,75,4,1997.82
2760,1073,93,4,158.91
2761,1074,76,5,1731.87
2762,1074,97,4,766.22
2763,1075,33,4,1832.98
2764,1076,64,2,836.83
2765,1076,43,5,83.03
2766,1076,62,5,1001.77
2767,1077,83,3,96.86
2768,1077,34,5,1993.92
2769,1077,32,3,946.3
2770,1078,87,5,261.23
2771,1078,65,3,1960.69
2772,1078,81,4,1147.88
2773,1079,97,2,766.22
2774,1080,1,3,129.86
2775,1080,66,4,919.01
2776,1080,64,2,836.83
2777,1080,23,1,1005.94
2778,1081,87,3,261.23
2779,1081,13,4,1325.75
2780,1081,44,5,635.89
2781,1081,24,2,881.14
2782,1082,98,2,1257.33
2783,1083,40,5,829.17
2784,1083,40,3,829.17
2785,1084,14,3,856.03
2786,1084,79,2,760.65
2787,1084,74,2,1676.58
2788,1084,42,2,1629.0
2789,1085,99,4,1746.04
2790,1085,22,2,1402.47
2791,1086,42,5,1629.0
2792,1086,61,5,1298.94
2793,1087,100,3,1238.74
2794,1087,30,3,1999.15
2795,1087,61,3,1298.94
2796,1087,48,2,929.33
2797,1088,43,3,83.03
2798,1088,96,3,1706.16
2799,1088,58,3,1108.98
2800,1089,73,4,572.85
2801,1089,98,4,1257.33
2802,1089,1,4,129.86
2803,1089,8,4,945.13
2804,1090,83,2,96.86
2805,1090,59,3,457.15
2806,1090,3,2,1254.77
2807,1091,85,3,778.3
2808,1091,38,3,648.91
2809,1092,42,4,1629.0
2810,1093,42,5,1629.0
2811,1093,72,2,541.67
2812,1093,28,5,465.56
2813,1093,65,4,1960.69
2814,1094,14,1,856.03
2815,1094,32,2,946.3
2816,1094,42,4,1629.0
2817,1095,6,4,159.38
2818,1095,89,4,1749.64
2819,1095,32,3,946.3
2820,1095,78,5,671.56
2821,1096,8,1,945.13
2822,1096,8,3,945.13
2823,1096,36,5,1938.42
2824,1096,48,4,929.33
2825,1097,15,4,457.37
2826,1097,18,1,1587.33
2827,1097,42,4,1629.0
2828,1098,20,5,1843.17
2829,1098,39,5,1716.89
2830,1099,72,1,541.67
2831,1099,57,2,628.39
2832,1100,74,5,1676.58
2833,1100,98,3,1257.33
2834,1100,72,5,541.67
2835,1101,89,1,1749.64
2836,1101,18,1,1587.33
2837,1101,90,3,208.43
2838,1102,99,4,1746.04
2839,1102,96,2,1706.16
2840,1102,24,3,881.14
2841,1103,30,4,1999.15
2842,1103,47,3,1318.74
2843,1103,26,3,1471.72
2844,1103,33,5,1832.98
2845,1104,18,1,1587.33
2846,1105,55,4,251.64
2847,1105,63,1,1022.66
2848,1105,68,1,1021.4
2849,1105,66,3,919.01
2850,1106,73,4,572.85
2851,1107,65,3,1960.69
2852,1108,37,5,702.44
2853,1108,43,1,83.03
2854,1108,95,1,1303.17
2855,1108,73,1,572.85
2856,1109,69,2,1729.41
2857,1110,74,4,1676.58
2858,1111,97,1,766.22
2859,1111,99,4,1746.04
2860,1112,60,4,928.28
2861,1112,95,2,1303.17
2862,1112,84,3,1413.4
2863,1113,24,5,881.14
2864,1114,59,5,457.15
2865,1114,100,4,1238.74
2866,1114,3,4,1254.77
2867,1115,1,5,129.86
2868,1115,50,1,1249.04
2869,1115,2,2,1895.7
2870,1116,55,2,251.64
2871,1116,34,2,1993.92
2872,1116,75,3,1997.82
2873,1117,84,2,1413.4
2874,1117,99,5,1746.04
2875,1117,46,5,1731.17
2876,1117,20,2,1843.17
2877,1118,27,3,508.23
2878,1118,24,1,881.14
2879,1119,69,5,1729.41
2880,1120,100,2,1238.74
2881,1121,9,3,470.64
2882,1121,41,2,583.55
2883,1121,85,2,778.3
2884,1122,39,2,1716.89
2885,1122,55,3,251.64
2886,1123,28,3,465.56
2887,1123,4,2,1324.25
2888,1124,16,4,1817.74
2889,1124,4,4,1324.25
2890,1124,96,2,1706.16
2891,1124,49,1,383.29
2892,1125,57,4,628.39
2893,1125,26,2,1471.72
2894,1125,99,4,1746.04
2895,1125,76,1,1731.87
2896,1126,23,5,1005.94
2897,1127,21,2,257.46
2898,1128,63,5,1022.66
2899,1129,96,3,1706.16
2900,1129,54,2,881.85
2901,1129,27,1,508.23
2902,1130,62,3,1001.77
2903,1130,66,1,919.01
2904,1130,59,1,457.15
2905,1131,49,4,383.29
2906,1132,13,3,1325.75
2907,1132,47,3,1318.74
2908,1132,9,4,470.64
2909,1132,84,3,1413.4
2910,1133,90,1,208.43
2911,1133,84,4,1413.4
2912,1134,3,3,1254.77
2913,1134,94,3,683.74
2914,1134,6,2,159.38
2915,1134,32,2,946.3
2916,1135,17,5,152.11
2917,1136,18,4,1587.33
2918,1136,98,1,1257.33
2919,1137,77,2,1081.78
2920,1138,48,5,929.33
2921,1138,54,2,881.85
2922,1138,54,2,881.85
2923,1139,67,2,773.34
2924,1139,95,2,1303.17
2925,1140,15,2,457.37
2926,1140,4,4,1324.25
2927,1140,27,3,508.23
2928,1141,81,3,1147.88
2929,1141,34,5,1993.92
2930,1141,42,1,1629.0
2931,1141,4,3,1324.25
2932,1142,61,1,1298.94
2933,1143,53,1,270.72
2934,1143,70,4,1547.62
2935,1144,21,1,257.46
2936,1144,2,3,1895.7
2937,1145,12,4,1848.58
2938,1145,9,1,470.64
2939,1146,60,4,928.28
2940,1146,69,4,1729.41
2941,1146,18,5,1587.33
2942,1146,82,1,1713.47
2943,1147,61,4,1298.94
2944,1147,33,2,1832.98
2945,1147,42,5,1629.0
2946,1148,79,1,760.65
2947,1148,62,4,1001.77
2948,1148,96,5,1706.16
2949,1149,17,2,152.11
2950,1149,66,2,919.01
2951,1150,29,1,1178.37
2952,1150,96,1,1706.16
2953,1151,37,5,702.44
2954,1151,14,2,856.03
2955,1151,29,3,1178.37
2956,1151,24,3,881.14
2957,1152,91,4,40.54
2958,1152,86,5,995.7
2959,1152,67,5,773.34
2960,1153,98,2,1257.33
2961,1153,42,4,1629.0
2962,1153,48,2,929.33
2963,1154,96,4,1706.16
2964,1155,26,2,1471.72
2965,1156,19,1,1500.43
2966,1157,21,4,257.46
2967,1157,42,1,1629.0
2968,1158,62,3,1001.77
2969,1158,25,5,89.32
2970,1158,52,4,415.08
2971,1158,28,4,465.56
2972,1159,70,4,1547.62
2973,1159,16,3,1817.74
2974,1159,84,5,1413.4
2975,1160,44,2,635.89
2976,1160,33,3,1832.98
2977,1160,63,5,1022.66
2978,1161,85,1,778.3
2979,1161,86,3,995.7
2980,1161,98,5,1257.33
2981,1161,34,1,1993.92
2982,1162,55,1,251.64
2983,1162,70,2,1547.62
2984,1162,13,2,1325.75
2985,1163,15,1,457.37
2986,1163,71,3,686.35
2987,1163,17,3,152.11
2988,1163,40,4,829.17
2989,1164,71,1,686.35
2990,1164,65,2,1960.69
2991,1164,51,5,1254.56
2992,1164,25,2,89.32
2993,1165,100,1,1238.74
2994,1165,26,3,1471.72
2995,1166,73,5,572.85
2996,1166,68,1,1021.4
2997,1167,70,2,1547.62
2998,1167,89,5,1749.64
2999,1167,22,3,1402.47
3000,1168,13,2,1325.75
3001,1168,82,5,1713.47
3002,1169,97,2,766.22
3003,1169,70,5,1547.62
3004,1170,26,3,1471.72
3005,1170,7,4,822.95
3006,1170,38,4,648.91
3007,1170,67,4,773.34
3008,1171,60,3,928.28
3009,1171,18,3,1587.33
3010,1171,1,1,129.86
3011,1171,33,5,1832.98
3012,1172,27,5,508.23
3013,1172,77,1,1081.78
3014,1172,8,4,945.13
3015,1173,19,4,1500.43
3016,1173,21,2,257.46
3017,1174,21,4,257.46
3018,1174,51,5,1254.56
3019,1174,25,2,89.32
3020,1174,45,1,240.68
3021,1175,36,2,1938.42
3022,1175,52,1,415.08
3023,1176,27,4,508.23
3024,1176,19,3,1500.43
3025,1177,2,1,1895.7
3026,1177,67,3,773.34
3027,1177,68,1,1021.4
3028,1178,30,4,1999.15
3029,1178,39,1,1716.89
3030,1178,70,5,1547.62
3031,1178,59,2,457.15
3032,1179,97,3,766.22
3033,1180,6,4,159.38
3034,1180,33,1,1832.98
3035,1180,81,4,1147.88
3036,1181,75,2,1997.82
3037,1181,91,4,40.54
3038,1181,98,3,1257.33
3039,1181,29,5,1178.37
3040,1182,12,5,1848.58
3041,1183,31,4,1156.73
3042,1183,90,4,208.43
3043,1183,54,1,881.85
3044,1184,99,3,1746.04
3045,1185,33,5,1832.98
3046,1185,43,4,83.03
3047,1185,86,3,995.7
3048,1186,11,1,151.65
3049,1186,13,4,1325.75
3050,1186,32,5,946.3
3051,1187,29,5,1178.37
3052,1187,56,3,1600.63
3053,1187,14,4,856.03
3054,1187,72,5,541.67
3055,1188,78,5,671.56
3056,1188,86,4,995.7
3057,1188,6,5,159.38
3058,1188,14,5,856.03
3059,1189,74,1,1676.58
3060,1190,98,2,1257.33
3061,1191,75,5,1997.82
3062,1191,54,4,881.85
3063,1191,92,1,825.86
3064,1192,83,4,96.86
3065,1192,59,5,457.15
3066,1192,67,1,773.34
3067,1193,81,4,1147.88
3068,1193,86,1,995.7
3069,1193,28,5,465.56
3070,1193,24,1,881.14
3071,1194,13,3,1325.75
3072,1194,53,1,270.72
3073,1194,94,4,683.74
3074,1195,46,3,1731.17
3075,1195,46,2,1731.17
3076,1195,36,4,1938.42
3077,1196,42,4,1629.0
3078,1197,99,2,1746.04
3079,1197,27,5,508.23
3080,1197,99,5,1746.04
3081,1198,95,4,1303.17
3082,1198,97,3,766.22
3083,1198,100,2,1238.74
3084,1199,12,3,1848.58
3085,1199,46,5,1731.17
3086,1199,69,2,1729.41
3087,1199,41,3,583.55
3088,1200,93,1,158.91
3089,1201,41,5,583.55
3090,1201,64,2,836.83
3091,1201,97,4,766.22
3092,1201,26,3,1471.72
3093,1202,45,3,240.68
3094,1202,57,3,628.39
3095,1202,97,2,766.22
3096,1202,22,3,1402.47
3097,1203,15,2,457.37
3098,1204,65,5,1960.69
3099,1204,38,5,648.91
3100,1204,69,2,1729.41
3101,1205,80,1,1740.51
3102,1205,26,1,1471.72
3103,1205,12,5,1848.58
3104,1205,85,4,778.3
3105,1206,19,3,1500.43
3106,1206,69,3,1729.41
3107,1206,51,2,1254.56
3108,1207,14,3,856.03
3109,1207,79,5,760.65
3110,1207,11,3,151.65
3111,1207,29,4,1178.37
3112,1208,32,5,946.3
3113,1209,86,3,995.7
3114,1209,4,4,1324.25
3115,1210,89,2,1749.64
3116,1210,32,2,946.3
3117,1211,83,2,96.86
3118,1211,19,1,1500.43
3119,1211,38,2,648.91
3120,1211,3,5,1254.77
3121,1212,57,4,628.39
3122,1212,72,5,541.67
3123,1212,73,2,572.85
3124,1212,53,2,270.72
3125,1213,81,5,1147.88
3126,1213,50,3,1249.04
3127,1213,91,3,40.54
3128,1213,34,4,1993.92
3129,1214,47,2,1318.74
3130,1214,41,5,583.55
3131,1214,46,1,1731.17
3132,1215,42,2,1629.0
3133,1215,69,5,1729.41
3134,1216,13,5,1325.75
3135,1216,91,4,40.54
3136,1217,14,5,856.03
3137,1217,30,3,1999.15
3138,1217,92,5,825.86
3139,1218,60,3,928.28
3140,1218,74,1,1676.58
3141,1219,80,4,1740.51
3142,1219,64,5,836.83
3143,1219,56,1,1600.63
3144,1219,22,1,1402.47
3145,1220,72,1,541.67
3146,1220,45,4,240.68
3147,1220,91,2,40.54
3148,1220,9,3,470.64
3149,1221,93,3,158.91
3150,1222,94,1,683.74
3151,1222,92,5,825.86
3152,1222,63,4,1022.66
3153,1223,51,2,1254.56
3154,1223,85,4,778.3
3155,1224,69,3,1729.41
3156,1224,43,2,83.03
3157,1224,73,5,572.85
3158,1225,19,5,1500.43
3159,1225,88,5,670.67
3160,1225,41,1,583.55
3161,1225,79,1,760.65
3162,1226,76,1,1731.87
3163,1226,100,1,1238.74
3164,1226,79,1,760.65
3165,1227,94,2,683.74
3166,1227,94,2,683.74
3167,1227,32,5,946.3
3168,1227,100,2,1238.74
3169,1228,4,4,1324.25
3170,1228,94,1,683.74
3171,1229,12,1,1848.58
3172,1229,52,5,415.08
3173,1229,90,4,208.43
3174,1230,49,4,383.29
3175,1230,18,3,1587.33
3176,1230,24,1,881.14
3177,1230,40,3,829.17
3178,1231,91,4,40.54
3179,1231,33,4,1832.98
3180,1232,24,3,881.14
3181,1233,26,2,1471.72
3182,1233,45,1,240.68
3183,1233,44,4,635.89
3184,1233,97,1,766.22
3185,1234,3,5,1254.77
3186,1234,8,5,945.13
3187,1234,8,3,945.13
3188,1235,22,1,1402.47
3189,1236,1,3,129.86
3190,1237,40,1,829.17
3191,1237,73,5,572.85
3192,1237,48,1,929.33
3193,1237,23,2,1005.94
3194,1238,24,5,881.14
3195,1238,28,3,465.56
3196,1238,13,2,1325.75
3197,1238,77,3,1081.78
3198,1239,57,2,628.39
3199,1239,65,2,1960.69
3200,1240,4,5,1324.25
3201,1240,5,5,487.33
3202,1240,16,3,1817.74
3203,1240,38,1,648.91
3204,1241,88,2,670.67
3205,1241,76,5,1731.87
3206,1241,22,1,1402.47
3207,1242,25,5,89.32
3208,1242,20,5,1843.17
3209,1242,44,4,635.89
3210,1242,85,5,778.3
3211,1243,58,1,1108.98
3212,1243,86,5,995.7
3213,1243,9,3,470.64
3214,1243,32,3,946.3
3215,1244,31,4,1156.73
3216,1244,25,4,89.32
3217,1245,46,1,1731.17
3218,1246,85,5,778.3
3219,1246,13,5,1325.75
3220,1246,12,3,1848.58
3221,1246,68,5,1021.4
3222,1247,97,5,766.22
3223,1247,83,2,96.86
3224,1247,37,3,702.44
3225,1247,18,4,1587.33
3226,1248,38,4,648.91
3227,1248,52,4,415.08
3228,1249,11,4,151.65
3229,1249,4,4,1324.25
3230,1249,14,3,856.03
3231,1249,72,4,541.67
3232,1250,40,4,829.17
3233,1250,99,3,1746.04
3234,1250,99,1,1746.04
3235,1250,68,1,1021.4
3236,1251,12,3,1848.58
3237,1251,76,5,1731.87
3238,1252,83,3,96.86
3239,1252,95,1,1303.17
3240,1253,7,3,822.95
3241,1254,25,3,89.32
3242,1254,69,1,1729.41
3243,1254,88,4,670.67
3244,1254,95,5,1303.17
3245,1255,66,3,919.01
3246,1255,88,1,670.67
3247,1256,13,4,1325.75
3248,1256,24,2,881.14
3249,1257,10,2,1408.95
3250,1257,64,2,836.83
3251,1257,74,5,1676.58
3252,1258,6,4,159.38
3253,1259,89,1,1749.64
3254,1259,38,1,648.91
3255,1260,85,3,778.3
3256,1260,23,4,1005.94
3257,1261,48,4,929.33
3258,1261,6,2,159.38
3259,1262,77,2,1081.78
3260,1262,80,3,1740.51
3261,1263,88,5,670.67
3262,1263,91,3,40.54
3263,1263,27,3,508.23
3264,1263,53,1,270.72
3265,1264,53,4,270.72
3266,1264,36,2,1938.42
3267,1264,100,4,1238.74
3268,1264,33,5,1832.98
3269,1265,81,4,1147.88
3270,1266,90,4,208.43
3271,1267,85,2,778.3
3272,1267,10,1,1408.95
3273,1268,21,4,257.46
3274,1269,24,5,881.14
3275,1270,22,3,1402.47
3276,1270,88,4,670.67
3277,1270,37,5,702.44
3278,1271,37,5,702.44
3279,1271,34,1,1993.92
3280,1271,98,1,1257.33
3281,1272,26,1,1471.72
3282,1272,72,4,541.67
3283,1272,26,2,1471.72
3284,1272,67,1,773.34
3285,1273,62,1,1001.77
3286,1273,15,2,457.37
3287,1273,5,4,487.33
3288,1273,24,1,881.14
3289,1274,31,4,1156.73
3290,1275,57,2,628.39
3291,1275,57,5,628.39
3292,1275,99,1,1746.04
3293,1276,99,2,1746.04
3294,1276,93,3,158.91
3295,1277,73,1,572.85
3296,1278,44,3,635.89
3297,1278,23,3,1005.94
3298,1279,26,1,1471.72
3299,1279,51,4,1254.56
3300,1279,20,3,1843.17
3301,1279,65,1,1960.69
3302,1280,24,2,881.14
3303,1280,43,4,83.03
3304,1281,57,1,628.39
3305,1282,78,5,671.56
3306,1282,37,5,702.44
3307,1283,19,5,1500.43
3308,1283,41,1,583.55
3309,1284,88,1,670.67
3310,1285,67,5,773.34
3311,1285,3,5,1254.77
3312,1285,93,2,158.91
3313,1285,93,3,158.91
3314,1286,5,2,487.33
3315,1286,14,2,856.03
3316,1286,1,4,129.86
3317,1287,73,1,572.85
3318,1288,99,5,1746.04
3319,1288,16,2,1817.74
3320,1288,98,1,1257.33
3321,1288,73,5,572.85
3322,1289,3,4,1254.77
3323,1290,37,5,702.44
3324,1290,50,4,1249.04
3325,1290,96,2,1706.16
3326,1290,88,4,670.67
3327,1291,45,4,240.68
3328,1291,62,2,1001.77
3329,1291,59,5,457.15
3330,1292,29,2,1178.37
3331,1292,37,2,702.44
3332,1292,50,3,1249.04
3333,1293,48,1,929.33
3334,1293,56,3,1600.63
3335,1294,6,4,159.38
3336,1294,53,5,270.72
3337,1295,52,2,415.08
3338,1295,81,3,1147.88
3339,1296,52,4,415.08
3340,1296,54,4,881.85
3341,1297,57,4,628.39
3342,1297,60,3,928.28
3343,1297,44,3,635.89
3344,1297,86,4,995.7
3345,1298,93,5,158.91
3346,1298,27,2,508.23
3347,1299,92,2,825.86
3348,1299,73,2,572.85
3349,1300,60,5,928.28
3350,1300,98,4,1257.33
3351,1300,48,3,929.33
3352,1301,51,2,1254.56
3353,1301,61,1,1298.94
3354,1302,39,5,1716.89
3355,1302,53,1,270.72
3356,1302,26,2,1471.72
3357,1302,44,5,635.89
3358,1303,85,4,778.3
3359,1303,67,4,773.34
3360,1304,57,1,628.39
3361,1304,89,2,1749.64
3362,1305,73,2,572.85
3363,1305,35,5,1273.22
3364,1305,99,2,1746.04
3365,1305,83,4,96.86
3366,1306,20,4,1843.17
3367,1306,41,4,583.55
3368,1307,95,2,1303.17
3369,1307,98,4,1257.33
3370,1308,79,5,760.65
3371,1308,68,1,1021.4
3372,1308,87,1,261.23
3373,1309,11,1,151.65
3374,1310,7,3,822.95
3375,1311,41,3,583.55
3376,1312,96,2,1706.16
3377,1312,28,3,465.56
3378,1313,47,5,1318.74
3379,1314,75,4,1997.82
3380,1314,61,3,1298.94
3381,1314,91,2,40.54
3382,1315,39,1,1716.89
3383,1315,72,2,541.67
3384,1315,20,2,1843.17
3385,1316,16,5,1817.74
3386,1316,80,4,1740.51
3387,1316,21,5,257.46
3388,1316,71,4,686.35
3389,1317,89,2,1749.64
3390,1317,15,2,457.37
3391,1317,57,1,628.39
3392,1318,18,4,1587.33
3393,1319,49,4,383.29
3394,1319,22,1,1402.47
3395,1319,76,3,1731.87
3396,1319,57,5,628.39
3397,1320,58,1,1108.98
3398,1320,63,5,1022.66
3399,1321,44,1,635.89
3400,1321,48,1,929.33
3401,1321,23,2,1005.94
3402,1322,87,4,261.23
3403,1322,20,1,1843.17
3404,1322,86,2,995.7
3405,1323,38,1,648.91
3406,1323,46,5,1731.17
3407,1323,64,1,836.83
3408,1324,22,3,1402.47
3409,1324,33,2,1832.98
3410,1324,66,3,919.01
3411,1324,67,1,773.34
3412,1325,41,2,583.55
3413,1325,7,2,822.95
3414,1325,90,3,208.43
3415,1325,34,4,1993.92
3416,1326,44,1,635.89
3417,1326,35,4,1273.22
3418,1326,85,1,778.3
3419,1326,43,5,83.03
3420,1327,17,5,152.11
3421,1328,95,5,1303.17
3422,1329,39,4,1716.89
3423,1330,61,4,1298.94
3424,1330,50,1,1249.04
3425,1331,90,4,208.43
3426,1331,43,3,83.03
3427,1331,66,4,919.01
3428,1332,91,3,40.54
3429,1332,17,3,152.11
3430,1332,93,3,158.91
3431,1332,71,2,686.35
3432,1333,37,3,702.44
3433,1333,11,4,151.65
3434,1333,86,1,995.7
3435,1333,86,3,995.7
3436,1334,3,2,1254.77
3437,1335,32,1,946.3
3438,1336,48,1,929.33
3439,1336,20,5,1843.17
3440,1337,100,1,1238.74
3441,1337,10,1,1408.95
3442,1338,95,3,1303.17
3443,1339,20,5,1843.17
3444,1340,81,3,1147.88
3445,1340,86,1,995.7
3446,1340,79,1,760.65
3447,1340,8,2,945.13
3448,1341,96,1,1706.16
3449,1341,24,1,881.14
3450,1342,1,4,129.86
3451,1343,27,1,508.23
3452,1343,92,1,825.86
3453,1344,42,5,1629.0
3454,1344,25,4,89.32
3455,1344,26,4,1471.72
3456,1344,78,2,671.56
3457,1345,37,5,702.44
3458,1345,8,4,945.13
3459,1345,24,5,881.14
3460,1345,1,1,129.86
3461,1346,26,3,1471.72
3462,1346,19,5,1500.43
3463,1347,90,1,208.43
3464,1347,90,1,208.43
3465,1348,24,3,881.14
3466,1348,97,2,766.22
3467,1349,51,5,1254.56
3468,1349,38,5,648.91
3469,1350,65,3,1960.69
3470,1350,28,4,465.56
3471,1350,33,3,1832.98
3472,1350,95,2,1303.17
3473,1351,84,3,1413.4
3474,1352,97,2,766.22
3475,1352,9,1,470.64
3476,1352,9,4,470.64
3477,1353,94,1,683.74
3478,1353,80,4,1740.51
3479,1353,11,4,151.65
3480,1354,96,1,1706.16
3481,1355,76,3,1731.87
3482,1355,90,5,208.43
3483,1355,87,1,261.23
3484,1356,94,3,683.74
3485,1356,58,3,1108.98
3486,1356,96,4,1706.16
3487,1357,64,3,836.83
3488,1357,98,4,1257.33
3489,1357,41,5,583.55
3490,1358,30,5,1999.15
3491,1358,22,1,1402.47
3492,1359,53,4,270.72
3493,1359,60,3,928.28
3494,1359,52,4,415.08
3495,1360,58,2,1108.98
3496,1360,19,4,1500.43
3497,1360,54,1,881.85
3498,1360,18,3,1587.33
3499,1361,81,2,1147.88
3500,1361,52,3,415.08
3501,1361,2,4,1895.7
3502,1361,85,2,778.3
3503,1362,76,2,1731.87
3504,1362,28,1,465.56
3505,1363,51,4,1254.56
3506,1364,35,3,1273.22
3507,1364,26,1,1471.72
3508,1365,51,2,1254.56
3509,1365,39,5,1716.89
3510,1365,36,2,1938.42
3511,1365,25,4,89.32
3512,1366,56,4,1600.63
3513,1366,21,4,257.46
3514,1366,86,1,995.7
3515,1366,46,1,1731.17
3516,1367,42,4,1629.0
3517,1368,19,2,1500.43
3518,1368,67,4,773.34
3519,1368,28,4,465.56
3520,1369,2,3,1895.7
3521,1369,81,2,1147.88
3522,1369,44,3,635.89
3523,1369,88,5,670.67
3524,1370,79,1,760.65
3525,1370,77,2,1081.78
3526,1370,68,3,1021.4
3527,1370,44,3,635.89
3528,1371,48,5,929.33
3529,1371,61,1,1298.94
3530,1372,58,3,1108.98
3531,1373,32,2,946.3
3532,1373,42,2,1629.0
3533,1373,41,4,583.55
3534,1373,36,5,1938.42
3535,1374,74,3,1676.58
3536,1374,90,2,208.43
3537,1374,17,3,152.11
3538,1375,91,5,40.54
3539,1375,79,2,760.65
3540,1376,63,5,1022.66
3541,1376,61,1,1298.94
3542,1377,66,1,919.01
3543,1377,50,2,1249.04
3544,1377,80,3,1740.51
3545,1378,68,4,1021.4
3546,1379,78,3,671.56
3547,1379,9,4,470.64
3548,1379,50,2,1249.04
3549,1379,99,3,1746.04
3550,1380,47,1,1318.74
3551,1380,61,2,1298.94
3552,1381,82,1,1713.47
3553,1381,42,3,1629.0
3554,1382,72,2,541.67
3555,1382,35,3,1273.22
3556,1382,63,3,1022.66
3557,1382,78,5,671.56
3558,1383,83,2,96.86
3559,1383,77,5,1081.78
3560,1384,38,1,648.91
3561,1385,68,5,1021.4
3562,1385,37,2,702.44
3563,1386,55,1,251.64
3564,1386,39,3,1716.89
3565,1386,27,2,508.23
3566,1386,38,1,648.91
3567,1387,84,4,1413.4
3568,1388,48,4,929.33
3569,1389,58,4,1108.98
3570,1389,72,2,541.67
3571,1390,98,3,1257.33
3572,1390,14,3,856.03
3573,1390,59,3,457.15
3574,1390,26,5,1471.72
3575,1391,37,2,702.44
3576,1391,76,2,1731.87
3577,1391,42,1,1629.0
3578,1391,16,1,1817.74
3579,1392,71,4,686.35
3580,1392,48,2,929.33
3581,1392,41,4,583.55
3582,1393,81,4,1147.88
3583,1394,51,2,1254.56
3584,1394,42,5,1629.0
3585,1394,98,1,1257.33
3586,1395,42,5,1629.0
3587,1395,97,5,766.22
3588,1395,6,5,159.38
3589,1396,93,2,158.91
3590,1397,9,1,470.64
3591,1397,18,2,1587.33
3592,1397,14,5,856.03
3593,1397,21,2,257.46
3594,1398,97,3,766.22
3595,1399,44,1,635.89
3596,1399,53,3,270.72
3597,1399,97,1,766.22
3598,1400,52,5,415.08
3599,1400,8,5,945.13
3600,1400,54,4,881.85
3601,1400,89,2,1749.64
3602,1401,27,4,508.23
3603,1402,15,3,457.37
3604,1402,30,2,1999.15
3605,1403,83,5,96.86
3606,1404,7,2,822.95
3607,1405,6,1,159.38
3608,1405,29,2,1178.37
3609,1405,20,2,1843.17
3610,1405,65,3,1960.69
3611,1406,50,4,1249.04
3612,1406,3,5,1254.77
3613,1406,98,3,1257.33
3614,1407,4,4,1324.25
3615,1407,71,1,686.35
3616,1407,6,2,159.38
3617,1407,76,1,1731.87
3618,1408,30,5,1999.15
3619,1408,63,1,1022.66
3620,1409,90,1,208.43
3621,1409,75,3,1997.82
3622,1409,66,2,919.01
3623,1410,28,2,465.56
3624,1410,69,1,1729.41
3625,1410,81,5,1147.88
3626,1410,37,3,702.44
3627,1411,66,4,919.01
3628,1411,21,2,257.46
3629,1411,97,5,766.22
3630,1412,43,2,83.03
3631,1412,42,3,1629.0
3632,1412,51,1,1254.56
3633,1413,58,1,1108.98
3634,1413,58,5,1108.98
3635,1413,84,5,1413.4
3636,1414,27,2,508.23
3637,1414,15,1,457.37
3638,1414,50,1,1249.04
3639,1414,96,2,1706.16
3640,1415,98,5,1257.33
3641,1415,95,3,1303.17
3642,1416,76,3,1731.87
3643,1416,47,4,1318.74
3644,1417,83,2,96.86
3645,1418,28,5,465.56
3646,1418,4,3,1324.25
3647,1418,2,2,1895.7
3648,1419,43,2,83.03
3649,1419,64,4,836.83
3650,1420,59,4,457.15
3651,1420,78,2,671.56
3652,1420,63,4,1022.66
3653,1421,86,2,995.7
3654,1421,10,5,1408.95
3655,1421,14,1,856.03
3656,1422,80,1,1740.51
3657,1423,36,1,1938.42
3658,1424,57,4,628.39
3659,1424,94,5,683.74
3660,1424,21,1,257.46
3661,1425,48,2,929.33
3662,1426,55,3,251.64
3663,1426,10,3,1408.95
3664,1427,84,1,1413.4
3665,1427,39,1,1716.89
3666,1427,16,3,1817.74
3667,1427,19,3,1500.43
3668,1428,27,1,508.23
3669,1428,82,1,1713.47
3670,1428,61,2,1298.94
3671,1428,2,1,1895.7
3672,1429,93,2,158.91
3673,1430,75,5,1997.82
3674,1430,35,3,1273.22
3675,1430,3,5,1254.77
3676,1430,62,1,1001.77
3677,1431,28,1,465.56
3678,1431,51,4,1254.56
3679,1432,5,4,487.33
3680,1433,60,4,928.28
3681,1433,23,1,1005.94
3682,1433,74,1,1676.58
3683,1433,85,1,778.3
3684,1434,91,3,40.54
3685,1434,93,4,158.91
3686,1434,26,3,1471.72
3687,1435,86,3,995.7
3688,1436,31,4,1156.73
3689,1436,1,1,129.86
3690,1437,72,4,541.67
3691,1437,30,1,1999.15
3692,1437,37,3,702.44
3693,1437,12,5,1848.58
3694,1438,59,4,457.15
3695,1438,70,2,1547.62
3696,1438,48,3,929.33
3697,1439,42,3,1629.0
3698,1439,53,2,270.72
3699,1440,48,4,929.33
3700,1440,45,3,240.68
3701,1440,19,4,1500.43
3702,1440,87,5,261.23
3703,1441,47,4,1318.74
3704,1441,12,5,1848.58
3705,1441,33,2,1832.98
3706,1441,43,3,83.03
3707,1442,58,5,1108.98
3708,1442,88,2,670.67
3709,1442,6,3,159.38
3710,1442,65,2,1960.69
3711,1443,70,2,1547.62
3712,1443,74,2,1676.58
3713,1443,27,4,508.23
3714,1444,54,1,881.85
3715,1445,67,1,773.34
3716,1446,33,5,1832.98
3717,1447,95,2,1303.17
3718,1447,88,3,670.67
3719,1448,15,3,457.37
3720,1448,94,3,683.74
3721,1448,71,4,686.35
3722,1448,67,4,773.34
3723,1449,74,3,1676.58
3724,1449,96,4,1706.16
3725,1450,29,4,1178.37
3726,1451,89,2,1749.64
3727,1451,92,1,825.86
3728,1452,64,2,836.83
3729,1453,89,3,1749.64
3730,1454,97,4,766.22
3731,1454,39,2,1716.89
3732,1455,25,1,89.32
3733,1456,4,3,1324.25
3734,1457,27,2,508.23
3735,1458,9,3,470.64
3736,1459,16,4,1817.74
3737,1459,46,4,1731.17
3738,1459,2,5,1895.7
3739,1459,39,3,1716.89
3740,1460,48,2,929.33
3741,1460,39,4,1716.89
3742,1460,80,5,1740.51
3743,1460,62,5,1001.77
3744,1461,87,4,261.23
3745,1462,64,3,836.83
3746,1463,4,3,1324.25
3747,1463,90,4,208.43
3748,1463,50,5,1249.04
3749,1464,55,5,251.64
3750,1465,88,4,670.67
3751,1465,4,4,1324.25
3752,1465,5,4,487.33
3753,1466,61,3,1298.94
3754,1467,11,2,151.65
3755,1468,59,4,457.15
3756,1469,31,5,1156.73
3757,1469,61,1,1298.94
3758,1469,42,3,1629.0
3759,1470,28,5,465.56
3760,1470,53,1,270.72
3761,1470,2,2,1895.7
3762,1470,76,1,1731.87
3763,1471,9,5,470.64
3764,1471,24,4,881.14
3765,1471,36,5,1938.42
3766,1471,50,5,1249.04
3767,1472,33,5,1832.98
3768,1473,90,5,208.43
3769,1474,23,4,1005.94
3770,1474,38,2,648.91
3771,1474,6,3,159.38
3772,1474,77,3,1081.78
3773,1475,15,2,457.37
3774,1475,10,2,1408.95
3775,1475,62,4,1001.77
3776,1475,32,1,946.3
3777,1476,100,2,1238.74
3778,1476,99,4,1746.04
3779,1476,6,3,159.38
3780,1476,24,2,881.14
3781,1477,88,5,670.67
3782,1477,64,2,836.83
3783,1477,92,4,825.86
3784,1478,13,2,1325.75
3785,1479,17,5,152.11
3786,1479,73,1,572.85
3787,1480,64,3,836.83
3788,1480,90,4,208.43
3789,1480,3,5,1254.77
3790,1480,89,3,1749.64
3791,1481,54,4,881.85
3792,1482,36,4,1938.42
3793,1483,9,1,470.64
3794,1483,12,3,1848.58
3795,1483,86,3,995.7
3796,1483,61,4,1298.94
3797,1484,18,1,1587.33
3798,1484,4,2,1324.25
3799,1485,74,2,1676.58
3800,1486,58,5,1108.98
3801,1486,48,5,929.33
3802,1487,62,1,1001.77
3803,1487,85,2,778.3
3804,1487,75,4,1997.82
3805,1488,72,1,541.67
3806,1489,26,2,1471.72
3807,1489,39,2,1716.89
3808,1490,2,3,1895.7
3809,1490,8,5,945.13
3810,1490,2,1,1895.7
3811,1490,68,3,1021.4
3812,1491,39,2,1716.89
3813,1492,32,4,946.3
3814,1492,28,2,465.56
3815,1492,85,4,778.3
3816,1493,62,2,1001.77
3817,1493,13,2,1325.75
3818,1493,50,5,1249.04
3819,1493,82,5,1713.47
3820,1494,19,2,1500.43
3821,1495,98,1,1257.33
3822,1495,62,5,1001.77
3823,1496,73,2,572.85
3824,1497,81,4,1147.88
3825,1497,81,3,1147.88
3826,1498,34,4,1993.92
3827,1498,8,4,945.13
3828,1499,42,4,1629.0
3829,1500,25,3,89.32
3830,1501,58,5,1108.98
3831,1501,29,2,1178.37
3832,1501,62,5,1001.77
3833,1501,66,4,919.01
3834,1502,31,5,1156.73
3835,1502,67,3,773.34
3836,1503,99,1,1746.04
3837,1503,56,5,1600.63
3838,1503,4,4,1324.25
3839,1503,9,5,470.64
3840,1504,91,2,40.54
3841,1505,48,3,929.33
3842,1506,36,4,1938.42
3843,1506,84,3,1413.4
3844,1506,39,5,1716.89
3845,1506,78,3,671.56
3846,1507,61,5,1298.94
3847,1507,63,4,1022.66
3848,1507,97,5,766.22
3849,1508,61,3,1298.94
3850,1508,12,4,1848.58
3851,1509,69,5,1729.41
3852,1509,79,1,760.65
3853,1509,33,3,1832.98
3854,1510,37,5,702.44
3855,1510,66,2,919.01
3856,1510,41,3,583.55
3857,1511,73,2,572.85
3858,1511,45,3,240.68
3859,1512,43,5,83.03
3860,1512,87,4,261.23
3861,1513,34,5,1993.92
3862,1513,55,2,251.64
3863,1513,99,5,1746.04
3864,1514,99,3,1746.04
3865,1514,25,3,89.32
3866,1515,27,4,508.23
3867,1515,75,5,1997.82
3868,1515,23,1,1005.94
3869,1516,82,2,1713.47
3870,1516,27,5,508.23
3871,1516,82,3,1713.47
3872,1517,83,4,96.86
3873,1517,48,2,929.33
3874,1518,62,3,1001.77
3875,1518,73,4,572.85
3876,1518,69,3,1729.41
3877,1518,19,3,1500.43
3878,1519,33,1,1832.98
3879,1520,71,4,686.35
3880,1520,1,1,129.86
3881,1520,25,3,89.32
3882,1520,64,4,836.83
3883,1521,66,5,919.01
3884,1521,54,2,881.85
3885,1521,35,1,1273.22
3886,1522,81,4,1147.88
3887,1522,77,1,1081.78
3888,1522,61,4,1298.94
3889,1522,50,3,1249.04
3890,1523,18,2,1587.33
3891,1524,47,1,1318.74
3892,1525,9,3,470.64
3893,1526,71,5,686.35
3894,1527,17,1,152.11
3895,1527,96,4,1706.16
3896,1527,27,1,508.23
3897,1528,2,1,1895.7
3898,1529,80,3,1740.51
3899,1529,37,4,702.44
3900,1529,31,2,1156.73
3901,1530,80,5,1740.51
3902,1530,74,3,1676.58
3903,1531,31,2,1156.73
3904,1531,3,5,1254.77
3905,1531,75,3,1997.82
3906,1532,22,4,1402.47
3907,1532,27,5,508.23
3908,1533,21,1,257.46
3909,1534,63,1,1022.66
3910,1534,13,2,1325.75
3911,1534,53,2,270.72
3912,1535,59,5,457.15
3913,1535,22,2,1402.47
3914,1536,36,1,1938.42
3915,1536,1,2,129.86
3916,1537,56,5,1600.63
3917,1537,77,4,1081.78
3918,1537,58,2,1108.98
3919,1538,13,1,1325.75
3920,1538,53,4,270.72
3921,1539,20,4,1843.17
3922,1539,79,4,760.65
3923,1539,3,5,1254.77
3924,1539,98,3,1257.33
3925,1540,87,4,261.23
3926,1540,56,5,1600.63
3927,1541,42,1,1629.0
3928,1541,64,5,836.83
3929,1541,79,4,760.65
3930,1542,78,2,671.56
3931,1542,48,2,929.33
3932,1542,91,1,40.54
3933,1542,77,4,1081.78
3934,1543,52,2,415.08
3935,1543,28,3,465.56
3936,1544,52,3,415.08
3937,1544,32,3,946.3
3938,1544,30,4,1999.15
3939,1545,4,5,1324.25
3940,1545,32,1,946.3
3941,1545,58,1,1108.98
3942,1545,50,5,1249.04
3943,1546,47,4,1318.74
3944,1546,3,4,1254.77
3945,1546,56,4,1600.63
3946,1547,12,4,1848.58
3947,1547,33,3,1832.98
3948,1547,30,3,1999.15
3949,1547,47,3,1318.74
3950,1548,21,2,257.46
3951,1548,29,5,1178.37
3952,1548,83,5,96.86
3953,1548,77,5,1081.78
3954,1549,5,4,487.33
3955,1549,47,1,1318.74
3956,1550,12,2,1848.58
3957,1550,12,5,1848.58
3958,1551,33,1,1832.98
3959,1552,58,2,1108.98
3960,1552,38,2,648.91
3961,1552,56,3,1600.63
3962,1553,30,4,1999.15
3963,1553,40,2,829.17
3964,1554,30,1,1999.15
3965,1555,74,2,1676.58
3966,1556,71,4,686.35
3967,1556,55,2,251.64
3968,1556,31,1,1156.73
3969,1557,78,1,671.56
3970,1557,9,1,470.64
3971,1558,23,5,1005.94
3972,1558,16,4,1817.74
3973,1558,71,3,686.35
3974,1559,20,5,1843.17
3975,1559,24,2,881.14
3976,1560,42,2,1629.0
3977,1561,66,1,919.01
3978,1561,65,5,1960.69
3979,1561,8,4,945.13
3980,1562,22,1,1402.47
3981,1562,61,2,1298.94
3982,1563,31,5,1156.73
3983,1563,48,5,929.33
3984,1564,60,2,928.28
3985,1564,59,2,457.15
3986,1564,91,1,40.54
3987,1565,21,5,257.46
3988,1565,97,1,766.22
3989,1566,49,2,383.29
3990,1567,37,4,702.44
3991,1568,87,4,261.23
3992,1568,71,5,686.35
3993,1568,93,4,158.91
3994,1568,68,4,1021.4
3995,1569,78,5,671.56
3996,1569,92,4,825.86
3997,1569,97,3,766.22
3998,1570,22,5,1402.47
3999,1570,64,2,836.83
4000,1570,5,2,487.33
4001,1570,10,5,1408.95
4002,1571,39,1,1716.89
4003,1571,78,4,671.56
4004,1571,49,4,383.29
4005,1572,48,1,929.33
4006,1572,41,4,583.55
4007,1572,26,1,1471.72
4008,1573,56,2,1600.63
4009,1573,58,5,1108.98
4010,1574,84,3,1413.4
4011,1574,51,2,1254.56
4012,1575,3,2,1254.77
4013,1575,57,3,628.39
4014,1576,52,4,415.08
4015,1576,92,4,825.86
4016,1576,48,2,929.33
4017,1576,60,2,928.28
4018,1577,7,2,822.95
4019,1577,19,1,1500.43
4020,1577,38,3,648.91
4021,1577,7,3,822.95
4022,1578,50,4,1249.04
4023,1578,10,5,1408.95
4024,1578,38,3,648.91
4025,1578,66,5,919.01
4026,1579,6,4,159.38
4027,1579,9,3,470.64
4028,1579,43,2,83.03
4029,1579,40,5,829.17
4030,1580,2,1,1895.7
4031,1580,19,5,1500.43
4032,1581,8,1,945.13
4033,1581,66,2,919.01
4034,1581,81,5,1147.88
4035,1582,4,4,1324.25
4036,1582,52,3,415.08
4037,1582,79,4,760.65
4038,1583,80,3,1740.51
4039,1583,37,3,702.44
4040,1583,7,5,822.95
4041,1584,57,4,628.39
4042,1585,98,5,1257.33
4043,1585,5,5,487.33
4044,1585,94,5,683.74
4045,1585,65,1,1960.69
4046,1586,49,3,383.29
4047,1586,85,4,778.3
4048,1587,19,2,1500.43
4049,1587,98,2,1257.33
4050,1587,12,5,1848.58
4051,1588,36,4,1938.42
4052,1588,29,1,1178.37
4053,1588,6,3,159.38
4054,1588,2,2,1895.7
4055,1589,54,5,881.85
4056,1589,25,4,89.32
4057,1590,55,5,251.64
4058,1590,73,3,572.85
4059,1591,1,1,129.86
4060,1591,21,1,257.46
4061,1592,94,4,683.74
4062,1592,9,2,470.64
4063,1592,60,2,928.28
4064,1593,15,1,457.37
4065,1593,86,4,995.7
4066,1593,44,5,635.89
4067,1593,94,3,683.74
4068,1594,34,5,1993.92
4069,1594,72,5,541.67
4070,1594,95,3,1303.17
4071,1594,81,3,1147.88
4072,1595,86,5,995.7
4073,1595,67,3,773.34
4074,1596,29,1,1178.37
4075,1596,56,4,1600.63
4076,1597,43,5,83.03
4077,1597,39,4,1716.89
4078,1597,93,4,158.91
4079,1598,76,3,1731.87
4080,1599,14,2,856.03
4081,1599,72,2,541.67
4082,1599,29,2,1178.37
4083,1600,20,1,1843.17
4084,1600,90,5,208.43
4085,1600,65,3,1960.69
4086,1600,53,4,270.72
4087,1601,73,3,572.85
4088,1601,39,1,1716.89
4089,1601,32,2,946.3
4090,1601,80,4,1740.51
4091,1602,100,3,1238.74
4092,1603,56,4,1600.63
4093,1604,20,4,1843.17
4094,1604,61,1,1298.94
4095,1604,43,3,83.03
4096,1604,16,3,1817.74
4097,1605,63,4,1022.66
4098,1605,51,5,1254.56
4099,1606,52,4,415.08
4100,1606,31,3,1156.73
4101,1607,79,2,760.65
4102,1607,44,2,635.89
4103,1608,76,4,1731.87
4104,1608,11,1,151.65
4105,1608,11,1,151.65
4106,1609,20,5,1843.17
4107,1610,64,1,836.83
4108,1610,90,2,208.43
4109,1610,7,1,822.95
4110,1610,61,2,1298.94
4111,1611,18,3,1587.33
4112,1612,87,3,261.23
4113,1612,86,5,995.7
4114,1612,12,1,1848.58
4115,1613,40,3,829.17
4116,1613,13,1,1325.75
4117,1614,6,5,159.38
4118,1615,25,2,89.32
4119,1616,63,1,1022.66
4120,1616,35,5,1273.22
4121,1616,38,5,648.91
4122,1616,68,1,1021.4
4123,1617,18,1,1587.33
4124,1617,60,5,928.28
4125,1617,34,2,1993.92
4126,1618,64,5,836.83
4127,1619,89,3,1749.64
4128,1619,5,4,487.33
4129,1620,86,2,995.7
4130,1620,89,4,1749.64
4131,1620,58,3,1108.98
4132,1621,38,4,648.91
4133,1621,54,2,881.85
4134,1621,40,3,829.17
4135,1622,31,4,1156.73
4136,1622,20,2,1843.17
4137,1623,11,1,151.65
4138,1624,19,1,1500.43
4139,1625,17,2,152.11
4140,1625,93,1,158.91
4141,1625,37,3,702.44
4142,1625,89,3,1749.64
4143,1626,92,4,825.86
4144,1626,56,4,1600.63
4145,1627,83,5,96.86
4146,1628,91,2,40.54
4147,1628,61,1,1298.94
4148,1628,47,2,1318.74
4149,1629,25,3,89.32
4150,1629,9,1,470.64
4151,1629,5,3,487.33
4152,1629,50,2,1249.04
4153,1630,60,4,928.28
4154,1630,91,3,40.54
4155,1630,58,2,1108.98
4156,1630,42,4,1629.0
4157,1631,97,5,766.22
4158,1631,90,2,208.43
4159,1631,1,2,129.86
4160,1632,54,1,881.85
4161,1632,63,3,1022.66
4162,1632,19,1,1500.43
4163,1633,31,5,1156.73
4164,1633,78,4,671.56
4165,1634,26,2,1471.72
4166,1634,54,1,881.85
4167,1634,99,1,1746.04
4168,1635,92,3,825.86
4169,1635,79,3,760.65
4170,1635,44,1,635.89
4171,1636,62,5,1001.77
4172,1637,28,2,465.56
4173,1637,43,5,83.03
4174,1638,68,4,1021.4
4175,1638,68,5,1021.4
4176,1638,79,5,760.65
4177,1639,56,1,1600.63
4178,1639,59,5,457.15
4179,1640,69,4,1729.41
4180,1640,6,3,159.38
4181,1640,43,1,83.03
4182,1641,76,1,1731.87
4183,1641,61,4,1298.94
4184,1641,60,5,928.28
4185,1641,74,2,1676.58
4186,1642,76,2,1731.87
4187,1642,58,3,1108.98
4188,1642,39,1,1716.89
4189,1643,86,5,995.7
4190,1643,33,4,1832.98
4191,1644,1,5,129.86
4192,1644,30,1,1999.15
4193,1644,29,4,1178.37
4194,1645,51,1,1254.56
4195,1645,56,1,1600.63
4196,1646,36,5,1938.42
4197,1647,3,5,1254.77
4198,1647,94,3,683.74
4199,1647,99,5,1746.04
4200,1647,85,1,778.3
4201,1648,75,2,1997.82
4202,1648,69,5,1729.41
4203,1648,37,1,702.44
4204,1648,31,4,1156.73
4205,1649,23,5,1005.94
4206,1649,84,2,1413.4
4207,1649,2,4,1895.7
4208,1650,43,2,83.03
4209,1651,3,1,1254.77
4210,1651,17,3,152.11
4211,1651,22,3,1402.47
4212,1651,86,3,995.7
4213,1652,21,4,257.46
4214,1652,27,2,508.23
4215,1652,47,1,1318.74
4216,1652,98,3,1257.33
4217,1653,70,5,1547.62
4218,1653,82,1,1713.47
4219,1653,10,2,1408.95
4220,1654,1,2,129.86
4221,1655,100,3,1238.74
4222,1656,15,4,457.37
4223,1656,44,1,635.89
4224,1657,66,1,919.01
4225,1657,62,5,1001.77
4226,1657,36,1,1938.42
4227,1657,46,1,1731.17
4228,1658,23,4,1005.94
4229,1658,25,5,89.32
4230,1658,33,1,1832.98
4231,1659,9,2,470.64
4232,1660,44,2,635.89
4233,1660,67,5,773.34
4234,1661,62,3,1001.77
4235,1661,4,3,1324.25
4236,1662,97,4,766.22
4237,1662,14,5,856.03
4238,1662,100,4,1238.74
4239,1662,28,2,465.56
4240,1663,80,4,1740.51
4241,1663,100,5,1238.74
4242,1664,96,2,1706.16
4243,1665,72,4,541.67
4244,1665,50,3,1249.04
4245,1665,83,3,96.86
4246,1665,26,1,1471.72
4247,1666,58,2,1108.98
4248,1667,74,3,1676.58
4249,1668,86,3,995.7
4250,1669,54,1,881.85
4251,1669,41,4,583.55
4252,1669,11,2,151.65
4253,1670,77,5,1081.78
4254,1671,76,2,1731.87
4255,1672,64,5,836.83
4256,1672,71,3,686.35
4257,1672,16,5,1817.74
4258,1672,5,3,487.33
4259,1673,40,5,829.17
4260,1673,55,3,251.64
4261,1674,14,1,856.03
4262,1675,86,2,995.7
4263,1675,90,3,208.43
4264,1675,49,2,383.29
4265,1676,44,4,635.89
4266,1676,10,5,1408.95
4267,1676,47,1,1318.74
4268,1677,40,3,829.17
4269,1677,53,1,270.72
4270,1677,4,3,1324.25
4271,1677,42,2,1629.0
4272,1678,18,5,1587.33
4273,1679,47,1,1318.74
4274,1680,34,3,1993.92
4275,1681,16,2,1817.74
4276,1681,74,2,1676.58
4277,1681,75,1,1997.82
4278,1682,7,3,822.95
4279,1682,40,5,829.17
4280,1683,92,5,825.86
4281,1684,71,3,686.35
4282,1684,13,4,1325.75
4283,1684,97,1,766.22
4284,1685,54,1,881.85
4285,1685,85,3,778.3
4286,1685,35,1,1273.22
4287,1686,9,1,470.64
4288,1686,76,1,1731.87
4289,1687,62,1,1001.77
4290,1688,47,4,1318.74
4291,1688,70,1,1547.62
4292,1688,34,2,1993.92
4293,1688,76,5,1731.87
4294,1689,11,3,151.65
4295,1689,22,2,1402.47
4296,1690,81,1,1147.88
4297,1691,28,2,465.56
4298,1691,22,5,1402.47
4299,1691,31,4,1156.73
4300,1691,1,5,129.86
4301,1692,74,2,1676.58
4302,1692,64,5,836.83
4303,1692,31,1,1156.73
4304,1693,28,5,465.56
4305,1693,86,4,995.7
4306,1693,25,5,89.32
4307,1693,38,3,648.91
4308,1694,52,5,415.08
4309,1694,53,5,270.72
4310,1695,35,2,1273.22
4311,1695,79,1,760.65
4312,1695,91,4,40.54
4313,1696,83,5,96.86
4314,1696,64,1,836.83
4315,1696,15,4,457.37
4316,1697,96,3,1706.16
4317,1697,89,2,1749.64
4318,1698,83,5,96.86
4319,1698,16,2,1817.74
4320,1699,92,1,825.86
4321,1699,30,2,1999.15
4322,1700,94,1,683.74
4323,1701,18,2,1587.33
4324,1701,36,1,1938.42
4325,1701,74,1,1676.58
4326,1701,84,2,1413.4
4327,1702,90,1,208.43
4328,1703,14,3,856.03
4329,1703,27,4,508.23
4330,1703,19,2,1500.43
4331,1703,93,1,158.91
4332,1704,42,4,1629.0
4333,1704,49,5,383.29
4334,1704,88,3,670.67
4335,1705,85,2,778.3
4336,1705,82,2,1713.47
4337,1705,27,4,508.23
4338,1705,46,2,1731.17
4339,1706,63,4,1022.66
4340,1706,36,4,1938.42
4341,1707,33,1,1832.98
4342,1708,60,2,928.28
4343,1708,8,1,945.13
4344,1708,96,4,1706.16
4345,1708,68,3,1021.4
4346,1709,53,1,270.72
4347,1709,37,2,702.44
4348,1710,36,2,1938.42
4349,1710,55,1,251.64
4350,1710,61,5,1298.94
4351,1711,76,4,1731.87
4352,1712,39,2,1716.89
4353,1712,58,2,1108.98
4354,1712,89,3,1749.64
4355,1713,50,3,1249.04
4356,1713,21,4,257.46
4357,1713,29,4,1178.37
4358,1713,18,1,1587.33
4359,1714,83,4,96.86
4360,1714,50,2,1249.04
4361,1715,15,3,457.37
4362,1715,93,3,158.91
4363,1716,89,1,1749.64
4364,1716,35,5,1273.22
4365,1716,40,4,829.17
4366,1717,9,5,470.64
4367,1718,31,3,1156.73
4368,1719,32,5,946.3
4369,1719,79,5,760.65
4370,1719,68,2,1021.4
4371,1720,68,1,1021.4
4372,1720,20,1,1843.17
4373,1720,42,5,1629.0
4374,1720,54,5,881.85
4375,1721,1,4,129.86
4376,1721,25,2,89.32
4377,1721,14,3,856.03
4378,1722,33,3,1832.98
4379,1722,76,2,1731.87
4380,1722,81,4,1147.88
4381,1722,86,5,995.7
4382,1723,13,4,1325.75
4383,1723,61,5,1298.94
4384,1723,26,2,1471.72
4385,1724,6,3,159.38
4386,1724,46,4,1731.17
4387,1724,98,2,1257.33
4388,1725,64,2,836.83
4389,1725,56,5,1600.63
4390,1725,3,1,1254.77
4391,1726,73,2,572.85
4392,1727,53,1,270.72
4393,1727,27,4,508.23
4394,1728,69,1,1729.41
4395,1728,14,5,856.03
4396,1728,57,2,628.39
4397,1728,29,2,1178.37
4398,1729,48,1,929.33
4399,1729,5,3,487.33
4400,1730,76,4,1731.87
4401,1731,36,5,1938.42
4402,1732,27,1,508.23
4403,1732,44,2,635.89
4404,1732,79,1,760.65
4405,1732,12,3,1848.58
4406,1733,6,4,159.38
4407,1733,89,3,1749.64
4408,1734,85,1,778.3
4409,1734,63,2,1022.66
4410,1735,43,1,83.03
4411,1735,12,5,1848.58
4412,1735,75,2,1997.82
4413,1735,74,3,1676.58
4414,1736,55,3,251.64
4415,1737,97,4,766.22
4416,1737,72,2,541.67
4417,1737,4,1,1324.25
4418,1738,86,3,995.7
4419,1739,23,2,1005.94
4420,1739,30,1,1999.15
4421,1740,26,2,1471.72
4422,1740,26,2,1471.72
4423,1741,59,1,457.15
4424,1741,85,4,778.3
4425,1741,29,5,1178.37
4426,1742,5,1,487.33
4427,1742,93,2,158.91
4428,1743,81,3,1147.88
4429,1743,88,4,670.67
4430,1743,20,1,1843.17
4431,1744,61,4,1298.94
4432,1744,1,2,129.86
4433,1745,5,5,487.33
4434,1745,23,4,1005.94
4435,1745,14,1,856.03
4436,1746,28,1,465.56
4437,1746,20,4,1843.17
4438,1747,56,2,1600.63
4439,1748,35,5,1273.22
4440,1748,92,5,825.86
4441,1749,58,2,1108.98
4442,1749,77,5,1081.78
4443,1749,85,5,778.3
4444,1750,58,4,1108.98
4445,1750,23,5,1005.94
4446,1751,36,3,1938.42
4447,1751,34,5,1993.92
4448,1751,28,1,465.56
4449,1751,26,4,1471.72
4450,1752,49,5,383.29
4451,1752,60,1,928.28
4452,1752,75,1,1997.82
4453,1753,7,2,822.95
4454,1753,95,5,1303.17
4455,1754,72,4,541.67
4456,1755,84,5,1413.4
4457,1755,92,2,825.86
4458,1755,7,5,822.95
4459,1755,24,5,881.14
4460,1756,17,2,152.11
4461,1756,7,5,822.95
4462,1757,31,5,1156.73
4463,1758,44,5,635.89
4464,1759,34,3,1993.92
4465,1760,71,2,686.35
4466,1760,23,1,1005.94
4467,1760,55,4,251.64
4468,1761,18,2,1587.33
4469,1761,90,1,208.43
4470,1762,80,4,1740.51
4471,1762,10,4,1408.95
4472,1763,95,3,1303.17
4473,1764,22,3,1402.47
4474,1764,44,1,635.89
4475,1764,5,1,487.33
4476,1764,100,1,1238.74
4477,1765,93,1,158.91
4478,1766,42,2,1629.0
4479,1767,11,2,151.65
4480,1768,13,4,1325.75
4481,1768,69,3,1729.41
4482,1768,8,5,945.13
4483,1768,4,2,1324.25
4484,1769,41,4,583.55
4485,1769,87,1,261.23
4486,1769,65,3,1960.69
4487,1770,34,2,1993.92
4488,1770,11,5,151.65
4489,1770,19,5,1500.43
4490,1771,37,4,702.44
4491,1771,67,1,773.34
4492,1771,20,2,1843.17
4493,1771,98,3,1257.33
4494,1772,41,4,583.55
4495,1773,6,5,159.38
4496,1773,56,4,1600.63
4497,1773,4,1,1324.25
4498,1773,77,1,1081.78
4499,1774,85,3,778.3
4500,1775,49,3,383.29
4501,1775,82,3,1713.47
4502,1776,47,5,1318.74
4503,1777,68,2,1021.4
4504,1777,52,4,415.08
4505,1777,73,1,572.85
4506,1778,53,2,270.72
4507,1778,35,5,1273.22
4508,1779,42,3,1629.0
4509,1779,85,1,778.3
4510,1780,40,2,829.17
4511,1780,74,4,1676.58
4512,1780,94,1,683.74
4513,1781,81,4,1147.88
4514,1782,53,2,270.72
4515,1783,53,5,270.72
4516,1783,79,5,760.65
4517,1784,80,3,1740.51
4518,1784,3,5,1254.77
4519,1784,100,5,1238.74
4520,1784,24,2,881.14
4521,1785,8,3,945.13
4522,1786,16,4,1817.74
4523,1787,68,1,1021.4
4524,1787,72,5,541.67
4525,1787,95,1,1303.17
4526,1788,81,3,1147.88
4527,1788,83,2,96.86
4528,1788,71,4,686.35
4529,1789,32,5,946.3
4530,1789,25,4,89.32
4531,1789,92,2,825.86
4532,1789,68,1,1021.4
4533,1790,35,2,1273.22
4534,1790,20,1,1843.17
4535,1790,19,4,1500.43
4536,1790,80,3,1740.51
4537,1791,67,5,773.34
4538,1791,83,3,96.86
4539,1792,39,2,1716.89
4540,1792,3,2,1254.77
4541,1792,54,2,881.85
4542,1792,48,5,929.33
4543,1793,28,1,465.56
4544,1793,40,3,829.17
4545,1793,11,4,151.65
4546,1793,6,4,159.38
4547,1794,81,4,1147.88
4548,1794,21,3,257.46
4549,1794,97,3,766.22
4550,1795,6,2,159.38
4551,1795,52,2,415.08
4552,1795,93,3,158.91
4553,1796,70,2,1547.62
4554,1796,38,2,648.91
4555,1796,94,1,683.74
4556,1797,61,4,1298.94
4557,1798,53,3,270.72
4558,1798,38,5,648.91
4559,1798,74,5,1676.58
4560,1799,99,2,1746.04
4561,1800,48,2,929.33
4562,1801,36,3,1938.42
4563,1801,93,2,158.91
4564,1802,79,1,760.65
4565,1802,87,3,261.23
4566,1802,5,3,487.33
4567,1802,88,1,670.67
4568,1803,31,2,1156.73
4569,1803,28,2,465.56
4570,1803,98,3,1257.33
4571,1804,68,3,1021.4
4572,1804,76,3,1731.87
4573,1805,51,2,1254.56
4574,1806,14,1,856.03
4575,1806,13,5,1325.75
4576,1807,68,4,1021.4
4577,1807,93,1,158.91
4578,1807,70,1,1547.62
4579,1807,78,2,671.56
4580,1808,76,1,1731.87
4581,1808,81,2,1147.88
4582,1809,28,2,465.56
4583,1809,52,3,415.08
4584,1809,29,1,1178.37
4585,1809,53,1,270.72
4586,1810,11,5,151.65
4587,1811,98,3,1257.33
4588,1811,50,1,1249.04
4589,1811,60,5,928.28
4590,1811,53,5,270.72
4591,1812,2,2,1895.7
4592,1813,4,1,1324.25
4593,1813,76,1,1731.87
4594,1814,100,4,1238.74
4595,1814,15,5,457.37
4596,1814,17,5,152.11
4597,1815,32,4,946.3
4598,1816,61,4,1298.94
4599,1816,34,3,1993.92
4600,1816,77,1,1081.78
4601,1817,1,5,129.86
4602,1817,88,2,670.67
4603,1817,51,3,1254.56
4604,1817,79,3,760.65
4605,1818,8,1,945.13
4606,1818,40,5,829.17
4607,1819,16,5,1817.74
4608,1820,14,5,856.03
4609,1820,38,2,648.91
4610,1820,30,4,1999.15
4611,1821,44,1,635.89
4612,1821,76,2,1731.87
4613,1821,97,4,766.22
4614,1821,25,2,89.32
4615,1822,28,5,465.56
4616,1822,78,5,671.56
4617,1823,10,2,1408.95
4618,1823,58,3,1108.98
4619,1824,44,4,635.89
4620,1824,10,1,1408.95
4621,1824,33,1,1832.98
4622,1825,17,5,152.11
4623,1825,69,4,1729.41
4624,1825,96,1,1706.16
4625,1826,81,1,1147.88
4626,1826,100,3,1238.74
4627,1826,31,4,1156.73
4628,1827,55,4,251.64
4629,1827,96,1,1706.16
4630,1827,67,1,773.34
4631,1827,15,2,457.37
4632,1828,100,1,1238.74
4633,1828,6,2,159.38
4634,1828,8,5,945.13
4635,1828,27,3,508.23
4636,1829,51,5,1254.56
4637,1829,12,1,1848.58
4638,1829,50,2,1249.04
4639,1829,88,4,670.67
4640,1830,42,2,1629.0
4641,1831,23,2,1005.94
4642,1832,44,3,635.89
4643,1832,7,4,822.95
4644,1832,66,5,919.01
4645,1833,56,5,1600.63
4646,1833,14,4,856.03
4647,1834,55,5,251.64
4648,1834,83,2,96.86
4649,1834,80,2,1740.51
4650,1834,68,3,1021.4
4651,1835,96,1,1706.16
4652,1835,15,2,457.37
4653,1835,39,5,1716.89
4654,1836,68,4,1021.4
4655,1837,44,3,635.89
4656,1837,31,4,1156.73
4657,1838,53,1,270.72
4658,1838,28,2,465.56
4659,1839,79,1,760.65
4660,1839,7,1,822.95
4661,1839,86,3,995.7
4662,1840,89,1,1749.64
4663,1840,78,1,671.56
4664,1840,65,3,1960.69
4665,1840,73,5,572.85
4666,1841,38,3,648.91
4667,1842,3,4,1254.77
4668,1842,33,5,1832.98
4669,1843,52,5,415.08
4670,1843,91,5,40.54
4671,1844,99,5,1746.04
4672,1844,74,4,1676.58
4673,1844,100,3,1238.74
4674,1844,71,5,686.35
4675,1845,12,5,1848.58
4676,1845,38,2,648.91
4677,1845,69,3,1729.41
4678,1845,75,4,1997.82
4679,1846,19,3,1500.43
4680,1846,73,1,572.85
4681,1847,3,5,1254.77
4682,1847,40,5,829.17
4683,1847,80,2,1740.51
4684,1848,25,1,89.32
4685,1848,24,2,881.14
4686,1849,100,2,1238.74
4687,1849,100,4,1238.74
4688,1849,52,5,415.08
4689,1850,53,5,270.72
4690,1851,72,4,541.67
4691,1852,51,1,1254.56
4692,1852,59,4,457.15
4693,1853,83,4,96.86
4694,1854,96,2,1706.16
4695,1854,40,5,829.17
4696,1855,67,5,773.34
4697,1855,29,3,1178.37
4698,1856,84,2,1413.4
4699,1856,67,2,773.34
4700,1856,85,5,778.3
4701,1857,37,1,702.44
4702,1858,53,1,270.72
4703,1858,19,5,1500.43
4704,1858,79,4,760.65
4705,1859,4,5,1324.25
4706,1859,19,4,1500.43
4707,1859,76,3,1731.87
4708,1860,56,3,1600.63
4709,1860,12,5,1848.58
4710,1861,74,4,1676.58
4711,1861,45,4,240.68
4712,1861,81,1,1147.88
4713,1861,28,1,465.56
4714,1862,55,1,251.64
4715,1862,87,2,261.23
4716,1862,99,2,1746.04
4717,1862,68,3,1021.4
4718,1863,97,1,766.22
4719,1863,33,2,1832.98
4720,1863,100,3,1238.74
4721,1864,70,2,1547.62
4722,1864,31,5,1156.73
4723,1864,99,3,1746.04
4724,1864,66,3,919.01
4725,1865,4,2,1324.25
4726,1866,97,2,766.22
4727,1866,1,1,129.86
4728,1866,86,5,995.7
4729,1866,56,5,1600.63
4730,1867,50,1,1249.04
4731,1867,8,1,945.13
4732,1867,98,4,1257.33
4733,1867,65,2,1960.69
4734,1868,11,2,151.65
4735,1869,4,1,1324.25
4736,1869,9,4,470.64
4737,1869,68,1,1021.4
4738,1870,11,3,151.65
4739,1870,81,5,1147.88
4740,1870,10,3,1408.95
4741,1871,59,4,457.15
4742,1872,81,5,1147.88
4743,1872,26,5,1471.72
4744,1873,83,4,96.86
4745,1873,81,2,1147.88
4746,1873,7,3,822.95
4747,1873,29,3,1178.37
4748,1874,3,4,1254.77
4749,1874,57,4,628.39
4750,1874,77,3,1081.78
4751,1875,21,1,257.46
4752,1875,92,4,825.86
4753,1875,18,4,1587.33
4754,1875,98,4,1257.33
4755,1876,77,2,1081.78
4756,1876,45,1,240.68
4757,1877,96,4,1706.16
4758,1878,50,1,1249.04
4759,1878,21,5,257.46
4760,1878,90,5,208.43
4761,1878,9,3,470.64
4762,1879,51,5,1254.56
4763,1880,9,2,470.64
4764,1880,26,2,1471.72
4765,1880,59,2,457.15
4766,1881,17,3,152.11
4767,1882,92,2,825.86
4768,1882,26,3,1471.72
4769,1882,52,1,415.08
4770,1883,70,1,1547.62
4771,1883,60,1,928.28
4772,1883,27,2,508.23
4773,1883,87,1,261.23
4774,1884,78,2,671.56
4775,1885,49,1,383.29
4776,1886,97,4,766.22
4777,1886,31,5,1156.73
4778,1887,17,4,152.11
4779,1887,64,5,836.83
4780,1887,74,3,1676.58
4781,1888,16,2,1817.74
4782,1888,28,4,465.56
4783,1888,10,5,1408.95
4784,1888,38,3,648.91
4785,1889,76,1,1731.87
4786,1889,93,2,158.91
4787,1889,75,3,1997.82
4788,1890,19,4,1500.43
4789,1891,66,1,919.01
4790,1891,13,4,1325.75
4791,1891,36,3,1938.42
4792,1892,31,4,1156.73
4793,1893,88,3,670.67
4794,1893,14,4,856.03
4795,1894,69,1,1729.41
4796,1894,19,4,1500.43
4797,1894,95,4,1303.17
4798,1894,86,5,995.7
4799,1895,24,1,881.14
4800,1895,2,2,1895.7
4801,1896,63,5,1022.66
4802,1897,14,2,856.03
4803,1897,34,5,1993.92
4804,1898,22,5,1402.47
4805,1898,70,3,1547.62
4806,1898,95,4,1303.17
4807,1898,94,5,683.74
4808,1899,30,4,1999.15
4809,1899,30,5,1999.15
4810,1899,32,1,946.3
4811,1899,66,2,919.01
4812,1900,53,1,270.72
4813,1900,44,2,635.89
4814,1900,74,4,1676.58
4815,1901,64,5,836.83
4816,1902,52,1,415.08
4817,1902,59,4,457.15
4818,1902,90,1,208.43
4819,1902,52,4,415.08
4820,1903,52,5,415.08
4821,1903,100,2,1238.74
4822,1904,47,1,1318.74
4823,1905,70,2,1547.62
4824,1905,11,2,151.65
4825,1905,24,2,881.14
4826,1905,81,3,1147.88
4827,1906,87,2,261.23
4828,1906,12,4,1848.58
4829,1906,87,3,261.23
4830,1907,100,3,1238.74
4831,1908,14,3,856.03
4832,1908,52,5,415.08
4833,1908,20,1,1843.17
4834,1908,67,2,773.34
4835,1909,74,2,1676.58
4836,1910,73,4,572.85
4837,1910,59,5,457.15
4838,1910,6,5,159.38
4839,1911,31,4,1156.73
4840,1911,80,5,1740.51
4841,1911,70,3,1547.62
4842,1912,21,2,257.46
4843,1913,43,1,83.03
4844,1914,85,5,778.3
4845,1914,56,5,1600.63
4846,1915,65,3,1960.69
4847,1915,83,2,96.86
4848,1915,39,5,1716.89
4849,1916,95,5,1303.17
4850,1916,66,5,919.01
4851,1916,81,1,1147.88
4852,1917,37,3,702.44
4853,1918,81,5,1147.88
4854,1918,65,4,1960.69
4855,1918,97,1,766.22
4856,1918,89,4,1749.64
4857,1919,46,2,1731.17
4858,1920,70,4,1547.62
4859,1920,58,4,1108.98
4860,1921,26,5,1471.72
4861,1921,99,2,1746.04
4862,1921,4,5,1324.25
4863,1921,58,3,1108.98
4864,1922,100,1,1238.74
4865,1922,79,1,760.65
4866,1922,93,4,158.91
4867,1922,64,5,836.83
4868,1923,50,5,1249.04
4869,1923,20,5,1843.17
4870,1923,74,4,1676.58
4871,1923,65,4,1960.69
4872,1924,17,3,152.11
4873,1924,67,5,773.34
4874,1925,64,1,836.83
4875,1925,83,5,96.86
4876,1926,88,5,670.67
4877,1926,1,4,129.86
4878,1926,83,2,96.86
4879,1927,48,1,929.33
4880,1927,90,3,208.43
4881,1928,85,3,778.3
4882,1929,49,5,383.29
4883,1929,43,4,83.03
4884,1929,73,1,572.85
4885,1929,4,1,1324.25
4886,1930,36,5,1938.42
4887,1930,23,3,1005.94
4888,1931,35,3,1273.22
4889,1931,24,5,881.14
4890,1931,51,4,1254.56
4891,1932,26,2,1471.72
4892,1932,46,5,1731.17
4893,1932,38,2,648.91
4894,1932,82,2,1713.47
4895,1933,88,5,670.67
4896,1933,95,5,1303.17
4897,1934,51,2,1254.56
4898,1934,25,5,89.32
4899,1934,74,1,1676.58
4900,1935,52,2,415.08
4901,1935,34,1,1993.92
4902,1935,88,3,670.67
4903,1936,69,3,1729.41
4904,1936,93,4,158.91
4905,1937,44,4,635.89
4906,1937,22,5,1402.47
4907,1938,52,5,415.08
4908,1938,29,2,1178.37
4909,1939,68,5,1021.4
4910,1939,88,3,670.67
4911,1939,14,2,856.03
4912,1940,72,4,541.67
4913,1941,47,1,1318.74
4914,1941,83,4,96.86
4915,1941,67,3,773.34
4916,1942,72,3,541.67
4917,1942,3,5,1254.77
4918,1942,42,4,1629.0
4919,1942,99,3,1746.04
4920,1943,29,1,1178.37
4921,1943,25,3,89.32
4922,1943,81,5,1147.88
4923,1944,87,5,261.23
4924,1945,15,4,457.37
4925,1946,22,1,1402.47
4926,1946,26,5,1471.72
4927,1946,91,3,40.54
4928,1946,75,2,1997.82
4929,1947,5,1,487.33
4930,1947,47,2,1318.74
4931,1947,51,3,1254.56
4932,1948,42,3,1629.0
4933,1949,14,3,856.03
4934,1949,42,2,1629.0
4935,1949,14,2,856.03
4936,1949,94,2,683.74
4937,1950,80,2,1740.51
4938,1950,54,4,881.85
4939,1950,94,5,683.74
4940,1951,31,4,1156.73
4941,1952,41,1,583.55
4942,1952,3,5,1254.77
4943,1952,35,2,1273.22
4944,1952,90,1,208.43
4945,1953,99,1,1746.04
4946,1953,5,3,487.33
4947,1953,23,4,1005.94
4948,1954,79,5,760.65
4949,1954,16,5,1817.74
4950,1954,68,4,1021.4
4951,1954,72,1,541.67
4952,1955,97,4,766.22
4953,1955,1,3,129.86
4954,1956,17,2,152.11
4955,1956,66,5,919.01
4956,1956,72,3,541.67
4957,1957,21,2,257.46
4958,1957,43,5,83.03
4959,1957,100,4,1238.74
4960,1957,54,1,881.85
4961,1958,99,5,1746.04
4962,1958,65,4,1960.69
4963,1958,97,4,766.22
4964,1959,36,3,1938.42
4965,1959,22,2,1402.47
4966,1959,64,3,836.83
4967,1959,66,3,919.01
4968,1960,70,3,1547.62
4969,1960,94,5,683.74
4970,1960,55,3,251.64
4971,1961,92,5,825.86
4972,1961,37,2,702.44
4973,1961,65,2,1960.69
4974,1962,79,1,760.65
4975,1962,11,4,151.65
4976,1962,43,1,83.03
4977,1963,1,1,129.86
4978,1963,6,2,159.38
4979,1964,48,2,929.33
4980,1964,76,2,1731.87
4981,1964,10,2,1408.95
4982,1965,83,1,96.86
4983,1965,42,3,1629.0
4984,1966,27,1,508.23
4985,1967,44,4,635.89
4986,1967,5,5,487.33
4987,1967,27,4,508.23
4988,1968,88,1,670.67
4989,1968,37,3,702.44
4990,1969,67,5,773.34
4991,1969,79,4,760.65
4992,1969,50,5,1249.04
4993,1970,19,4,1500.43
4994,1970,89,2,1749.64
4995,1970,55,4,251.64
4996,1970,82,4,1713.47
4997,1971,83,4,96.86
4998,1971,20,1,1843.17
4999,1971,17,3,152.11
5000,1972,48,3,929.33
5001,1972,27,1,508.23
5002,1973,23,5,1005.94
5003,1973,14,2,856.03
5004,1974,9,2,470.64
5005,1974,26,5,1471.72
5006,1975,83,1,96.86
5007,1975,81,3,1147.88
5008,1976,8,4,945.13
5009,1977,12,5,1848.58
5010,1978,54,3,881.85
5011,1978,63,2,1022.66
5012,1979,92,5,825.86
5013,1979,60,3,928.28
5014,1980,69,2,1729.41
5015,1981,52,5,415.08
5016,1981,91,1,40.54
5017,1981,86,4,995.7
5018,1981,23,2,1005.94
5019,1982,62,4,1001.77
5020,1982,42,3,1629.0
5021,1982,96,3,1706.16
5022,1983,62,2,1001.77
5023,1983,49,2,383.29
5024,1983,74,1,1676.58
5025,1984,19,5,1500.43
5026,1984,12,5,1848.58
5027,1984,100,4,1238.74
5028,1985,85,5,778.3
5029,1985,31,1,1156.73
5030,1985,51,1,1254.56
5031,1985,71,2,686.35
5032,1986,16,4,1817.74
5033,1986,23,1,1005.94
5034,1986,59,2,457.15
5035,1986,26,4,1471.72
5036,1987,73,5,572.85
5037,1987,24,1,881.14
5038,1988,24,2,881.14
5039,1988,20,5,1843.17
5040,1988,73,5,572.85
5041,1989,95,4,1303.17
5042,1989,22,1,1402.47
5043,1990,42,5,1629.0
5044,1990,10,3,1408.95
5045,1990,31,5,1156.73
5046,1990,71,2,686.35
5047,1991,22,3,1402.47
5048,1991,84,3,1413.4
5049,1992,74,5,1676.58
5050,1992,27,3,508.23
5051,1993,35,4,1273.22
5052,1993,16,4,1817.74
5053,1993,93,4,158.91
5054,1994,29,2,1178.37
5055,1994,51,3,1254.56
5056,1994,32,1,946.3
5057,1994,74,3,1676.58
5058,1995,33,5,1832.98
5059,1995,100,4,1238.74
5060,1995,79,1,760.65
5061,1996,58,5,1108.98
5062,1996,75,4,1997.82
5063,1997,24,5,881.14
5064,1998,57,1,628.39
5065,1998,21,1,257.46
5066,1999,32,5,946.3
5067,1999,60,5,928.28
5068,1999,64,1,836.83
5069,2000,63,3,1022.66
5070,2000,18,5,1587.33
